genome_gap_rank,edge_list_rank,full_edge2_rank,species,order,family,RL_category,EDGE2_median,EDGE2_IQR,ED2_median,pext_median,edge_frac_trees,on_vgp_target_list
1,1,1,Burramys parvus,Diprotodontia,Burramyidae,CR,24.4288352768582,4.26718653068784,25.8333946417601,0.969017552722647,1.0,False
2,2,2,Daubentonia madagascariensis,Primates,Daubentoniidae,EN,20.0411644184954,11.4326095717708,40.23966447,0.485787927334518,1.0,False
3,3,3,Gymnobelideus leadbeateri,Diprotodontia,Petauridae,CR,19.5534365482907,3.32273151644772,20.5618230155105,0.967575510453126,1.0,False
4,4,5,Myrmecobius fasciatus,Dasyuromorphia,Myrmecobiidae,EN,14.9427440471831,8.69718257276751,31.418465855,0.477873992604072,1.0,False
5,5,6,Manis culionensis,Pholidota,Manidae,CR,14.762869842737,6.93892834669313,15.5856917570112,0.970356921865497,1.0,False
6,6,7,Desmana moschata,Eulipotyphla,Talpidae,CR,14.3347338126028,4.56312341146115,15.1524298913282,0.968126321131184,1.0,False
7,8,9,Manis javanica,Pholidota,Manidae,CR,14.1766755545633,6.62788639767391,14.970963113293,0.970255103189162,1.0,False
8,9,11,Varecia variegata,Primates,Lemuridae,CR,12.0680147972203,2.80016900856675,12.6348710165972,0.970140448847516,1.0,False
9,10,12,Varecia rubra,Primates,Lemuridae,CR,12.0536721476995,2.77098000311766,12.6173093348197,0.970168698415343,1.0,False
10,11,20,Solisorex pearsoni,Eulipotyphla,Soricidae,EN,11.2957921534854,7.42838271936586,24.83131725,0.485332410029096,0.984,False
11,12,21,Indri indri,Primates,Indriidae,CR,10.4777834411613,2.33945298898505,10.9761721077651,0.969992492781841,1.0,False
12,13,22,Manis crassicaudata,Pholidota,Manidae,EN,10.3805169266787,6.05213803366778,21.2727951200673,0.487398791112181,1.0,False
13,14,23,Hypogeomys antimena,Rodentia,Nesomyidae,CR,10.3008976882293,3.0549797311084,10.8597365120737,0.969031333205242,0.984,False
14,15,24,Ailurus fulgens,Carnivora,Ailuridae,EN,9.70857183717701,5.57042467723476,20.31460987,0.486207987129446,1.0,False
15,16,25,Mystacina robusta,Chiroptera,Mystacinidae,CR,9.51965559243238,4.53241511821956,10.0589504654225,0.970552445223898,1.0,False
16,17,27,Neohylomys hainanensis,Eulipotyphla,Erinaceidae,EN,9.08741115835165,5.04528443682103,17.8405150559185,0.497897419964513,1.0,False
17,20,30,Mirimiri acrodonta,Chiroptera,Pteropodidae,CR,8.96216293455609,2.31399738422893,9.37569033833381,0.972014482950201,0.965,False
18,21,31,Lipotes vexillifer,Artiodactyla,Lipotidae,CR,8.79674332645601,1.84244597595333,9.21785343376307,0.971487706269254,0.986,False
19,22,32,Galemys pyrenaicus,Eulipotyphla,Talpidae,EN,8.59451777892427,5.24717847493974,17.5119502512448,0.475060464888952,1.0,False
20,23,33,Bradypus torquatus,Pilosa,Bradypodidae,EN,7.9187935569245,4.58014772569058,16.3467699150738,0.472051599209105,1.0,False
21,24,34,Cheirogaleus sibreei,Primates,Cheirogaleidae,CR,7.65581152986988,2.38202504605327,8.00481657648464,0.970705609022416,0.949,False
22,26,36,Bradypus pygmaeus,Pilosa,Bradypodidae,CR,7.35241334562432,8.79553258559765,7.7332729167243,0.967518866204957,0.873,False
23,27,37,Bunolagus monticularis,Lagomorpha,Leporidae,CR,7.35225982767196,2.74112096961431,7.64927746300897,0.970450772009991,0.921,False
24,28,38,Mystacina tuberculata,Chiroptera,Mystacinidae,VU,7.22241031120793,2.45649810622642,30.3368324334319,0.242859398620689,1.0,False
25,29,40,Pseudoryx nghetinhensis,Artiodactyla,Bovidae,CR,6.90285015224545,2.21455593591366,7.25037895948419,0.971654723932162,0.982,False
26,30,41,Zaglossus attenboroughi,Monotremata,Tachyglossidae,CR,6.84003522010026,5.10925397443714,7.1748529080035,0.967455089452413,0.998,False
27,31,42,Zaglossus bruijnii,Monotremata,Tachyglossidae,CR,6.82206609992293,5.23058897634913,7.15854305632152,0.967518866204957,0.995,False
28,34,46,Macrotarsomys ingens,Rodentia,Nesomyidae,EN,6.29634559614022,3.64190123852787,13.8322207318871,0.479724149359584,0.987,False
29,35,47,Platanista gangetica,Artiodactyla,Platanistidae,EN,6.25790843244763,3.56477247652546,13.031825705,0.489819036257043,0.998,False
30,37,49,Rhinoceros sondaicus,Perissodactyla,Rhinocerotidae,CR,5.87461090247561,1.32233184475454,6.16234602124141,0.970752204720894,1.0,False
31,38,50,Petauroides volans,Diprotodontia,Pseudocheiridae,EN,5.84962973624491,3.18234964033321,12.3075982539548,0.473934003899485,1.0,False
32,39,51,Callistomys pictus,Rodentia,Echimyidae,EN,5.81357847858348,3.07530986780078,11.638206675,0.49680441263765,0.982,False
33,40,52,Tokudaia muenninki,Rodentia,Muridae,CR,5.63935838480284,1.54085999041784,5.96492061451382,0.971256721251837,1.0,False
34,41,54,Latidens salimalii,Chiroptera,Pteropodidae,EN,5.60397188276529,3.91061056484496,12.4878966761295,0.496217463674415,0.952,False
35,42,55,Potorous gilbertii,Diprotodontia,Potoroidae,CR,5.59442712551335,1.39267967022714,5.93217795118547,0.96740548127805,1.0,False
36,43,57,Allocebus trichotis,Primates,Cheirogaleidae,EN,5.51079508736354,3.01176304505171,11.0660506100007,0.490183656289765,1.0,False
37,44,59,Choeropsis liberiensis,Artiodactyla,Hippopotamidae,EN,5.47898031187781,2.90707215802044,11.0693905030137,0.492824666571706,1.0,False
38,45,60,Propithecus coquereli,Primates,Indriidae,CR,5.45093422563003,1.562460323826,5.71609405117235,0.970101068965987,1.0,False
39,46,61,Propithecus tattersalli,Primates,Indriidae,CR,5.4471726549211,1.53642363668578,5.76109527573718,0.969992492781841,1.0,False
40,47,63,Propithecus deckenii,Primates,Indriidae,CR,5.44403660374777,1.61586310417858,5.69535384566065,0.970140448847516,1.0,False
41,48,64,Propithecus verreauxi,Primates,Indriidae,CR,5.43536851700163,1.61989188669382,5.73032586735628,0.970140448847516,1.0,False
42,49,65,Pygathrix cinerea,Primates,Cercopithecidae,CR,5.34719457050772,1.28856315548599,5.62249511562777,0.970168698415343,1.0,False
43,50,66,Pygathrix nemaeus,Primates,Cercopithecidae,CR,5.31877239896014,1.25555597812855,5.59306119391306,0.970267930434586,1.0,False
44,51,67,Pygathrix nigripes,Primates,Cercopithecidae,CR,5.30089101665198,1.25210807486643,5.58860009708536,0.970267930434586,1.0,False
45,52,68,Santamartamys rufodorsalis,Rodentia,Echimyidae,CR,5.21449808793133,1.94425020875315,5.48966896392102,0.971195634328994,0.961,False
46,53,69,Parantechinus apicalis,Dasyuromorphia,Dasyuridae,EN,5.15434602724495,2.8356441085088,10.6504422681012,0.477873992604072,1.0,False
47,55,71,Gorilla beringei,Primates,Hominidae,CR,5.07178757252691,1.18751070299504,5.33401090459406,0.970925260099311,1.0,False
48,57,73,Propithecus candidus,Primates,Indriidae,CR,5.02281487531583,1.86593960853652,5.29497639456943,0.970101068965987,1.0,False
49,58,74,Propithecus coronatus,Primates,Indriidae,CR,5.00115278077807,1.89810873774647,5.34551341676937,0.969992492781841,1.0,False
50,59,75,Okapia johnstoni,Artiodactyla,Giraffidae,EN,4.62926618957885,2.58002788997201,9.38061589769566,0.488884130876556,1.0,False
51,60,77,Chaetomys subspinosus,Rodentia,Erethizontidae,VU,4.53836128716239,1.68112265074375,18.992933735,0.244328775509288,1.0,False
52,61,78,Dasyurus hallucatus,Dasyuromorphia,Dasyuridae,EN,4.41771717261734,2.52838773638245,9.15209893693389,0.477873992604072,1.0,False
53,62,79,Prolemur simus,Primates,Lemuridae,CR,4.40926343722351,1.10236150498458,4.63072761762168,0.970168698415343,1.0,False
54,63,80,Platacanthomys lasiurus,Rodentia,Platacanthomyidae,VU,4.38764319858121,4.56402473611318,18.3462955267798,0.245615576217225,1.0,False
55,64,83,Propithecus perrieri,Primates,Indriidae,CR,4.25401265354573,1.7819968025029,4.47527907014377,0.969992492781841,1.0,False
56,65,84,Rhynchomeles prattorum,Peramelemorphia,Peramelidae,EN,4.24288680922552,3.56517362440296,8.56811598934106,0.482213169737514,1.0,False
57,66,85,Phyllomys mantiqueirensis,Rodentia,Echimyidae,CR,4.24128716120243,1.83019602585084,4.45471257784179,0.971917945114711,0.898,False
58,68,88,Plecotus sardus,Chiroptera,Vespertilionidae,CR,4.15176873291222,2.04157184606351,4.37692259115495,0.973278697082507,0.879,False
59,69,91,Smutsia gigantea,Pholidota,Manidae,EN,4.12004432540581,2.59819230611887,8.49696798896142,0.486437580716684,1.0,False
60,70,93,Cricetus cricetus,Rodentia,Cricetidae,CR,4.07173239653932,2.28999795755492,4.30039154664084,0.967589098252418,0.812,False
61,71,95,Propithecus diadema,Primates,Indriidae,CR,3.96220953013344,1.93374764568465,4.1589131028315,0.969992492781841,1.0,False
62,72,96,Ailurops melanotis,Diprotodontia,Phalangeridae,CR,3.92607319263083,2.51305445610102,4.17982765947073,0.969017552722647,0.99,False
63,73,99,Pentalagus furnessi,Lagomorpha,Leporidae,EN,3.90242123396658,2.51611024506355,8.5998597660095,0.487816086382669,0.919,False
64,74,100,Simias concolor,Primates,Cercopithecidae,CR,3.89576632285501,1.37863745419686,4.13871672593752,0.970267930434586,1.0,False
65,75,101,Delanymys brooksi,Rodentia,Nesomyidae,VU,3.88143849729195,2.66479641547403,17.6344519432956,0.240737277073419,0.987,False
66,78,104,Peromyscus mayensis,Rodentia,Cricetidae,CR,3.84131417436632,0.894970677129759,4.04083615000126,0.970198921405592,0.886,False
67,79,105,Suncus dayi,Eulipotyphla,Soricidae,EN,3.83382954778733,3.54618606733652,8.66559806108706,0.487266487211265,0.901,False
68,80,107,Caprolagus hispidus,Lagomorpha,Leporidae,EN,3.77721191127624,2.57100086184926,8.245937002634,0.488034627054486,0.876,False
69,81,108,Petaurus abidi,Diprotodontia,Petauridae,CR,3.75899593327083,2.61253825826207,3.99825011663443,0.968318623716859,0.822,False
70,82,109,Geocapromys ingrahami,Rodentia,Echimyidae,CR,3.67217609599225,1.32169321246379,3.84580761587034,0.971348387062748,1.0,False
71,83,112,Solenodon cubanus,Eulipotyphla,Solenodontidae,EN,3.64338369600516,3.68763034575097,6.96275785459991,0.472501746298596,1.0,False
72,84,113,Akodon latebricola,Rodentia,Cricetidae,EN,3.61050804668105,2.15889039389405,7.87077751610101,0.479690237020728,0.948,False
73,85,115,Propithecus edwardsi,Primates,Indriidae,EN,3.57885597643301,2.12007386323333,7.12314585828501,0.48556610495807,1.0,False
74,86,116,Pipanacoctomys aureus,Rodentia,Octodontidae,CR,3.56502198472012,1.23490962095655,3.76284162808282,0.970732380734455,0.999,False
75,87,118,Pteronura brasiliensis,Carnivora,Mustelidae,EN,3.54513319619018,2.14433407624602,7.49676451587245,0.482284987725897,1.0,False
76,88,120,Lepilemur jamesorum,Primates,Lepilemuridae,CR,3.49381666795663,1.57368978862645,3.6562959736706,0.970903392170865,0.913,False
77,89,121,Priodontes maximus,Cingulata,Tolypeutidae,VU,3.49224012772197,1.36551034176301,14.8817615960859,0.237561333857516,1.0,False
78,90,123,Eupetaurus cinereus,Rodentia,Sciuridae,EN,3.45423833434016,1.93435999166901,7.20520292797881,0.49314630222302,0.993,False
79,91,124,Cynogale bennettii,Carnivora,Viverridae,EN,3.45365348492484,1.8958799533258,7.10227652932669,0.489819036257043,1.0,False
80,92,125,Zygogeomys trichopus,Rodentia,Geomyidae,EN,3.44203321202529,1.88513106224938,7.1197836765,0.487077943894182,1.0,False
81,93,127,Lagostrophus fasciatus,Diprotodontia,Macropodidae,VU,3.41254648766034,1.14677709005212,14.426841285,0.241288103249052,1.0,False
82,94,128,Oreonax flavicauda,Primates,Atelidae,CR,3.41007818484189,3.08662525771162,3.55666470313515,0.970953998653753,0.906,False
83,95,130,Phataginus tricuspis,Pholidota,Manidae,EN,3.34496351775249,3.77739976883325,6.3763326722119,0.48701700482296,0.996,False
84,96,131,Myrmecophaga tridactyla,Pilosa,Myrmecophagidae,VU,3.31859967863767,1.36308754566241,13.9674092524544,0.237791604364075,1.0,False
85,97,132,Spermophilus suslicus,Rodentia,Sciuridae,CR,3.3162245963531,1.31623550942748,3.50006781859479,0.971160169083264,0.847,False
86,98,133,Equus africanus,Perissodactyla,Equidae,CR,3.30156833069835,0.924234830850504,3.45691812935408,0.970552582153358,0.914,False
87,100,135,Trinomys yonenagae,Rodentia,Echimyidae,EN,3.24816115899463,1.85875292771586,6.76922296116941,0.492795564965308,0.97,False
88,101,136,Pseudocheirus occidentalis,Diprotodontia,Pseudocheiridae,CR,3.2148413823408,4.48059416268414,3.41201476474455,0.967744721841013,0.773,False
89,102,137,Feroculus feroculus,Eulipotyphla,Soricidae,EN,3.15512523088944,3.04239935343578,6.88074206435896,0.487789885160026,0.863,False
90,103,142,Hapalemur aureus,Primates,Lemuridae,CR,3.09186193654981,1.2335323969374,3.26019916187241,0.970168698415343,0.868,False
91,104,143,Abrocoma boliviensis,Rodentia,Abrocomidae,CR,3.08992932104567,6.56484478591794,3.36673583508643,0.970732380734455,0.681,False
92,105,144,Nasalis larvatus,Primates,Cercopithecidae,EN,3.08163358800421,1.72805240556011,6.23309081495409,0.486510715974722,1.0,False
93,106,145,Habromys simulatus,Rodentia,Cricetidae,CR,3.05063744110217,1.0152222638339,3.22898122296714,0.970198921405592,0.884,False
94,107,146,Habromys chinanteco,Rodentia,Cricetidae,CR,3.04955281253209,1.00983699803105,3.22904008331322,0.970306862514629,0.886,False
95,108,148,Tokudaia tokunoshimensis,Rodentia,Muridae,EN,3.02862469965986,1.90794811319183,5.85496185501185,0.492281920017614,0.999,False
96,109,149,Tokudaia osimensis,Rodentia,Muridae,EN,2.98615239368103,1.8865498559595,5.90678378128453,0.492418670624126,1.0,False
97,110,150,Rhinopithecus avunculus,Primates,Cercopithecidae,CR,2.95356366285376,0.950271177126011,3.11104741018029,0.970267930434586,0.998,False
98,111,151,Zaglossus bartoni,Monotremata,Tachyglossidae,VU,2.95097685251813,1.83108625248969,12.5260845971942,0.238481760883011,1.0,False
99,112,152,Macroderma gigas,Chiroptera,Megadermatidae,VU,2.86987016613381,0.984980562931435,11.7192505526479,0.246953386379361,1.0,False
100,113,153,Rhinoceros unicornis,Perissodactyla,Rhinocerotidae,VU,2.85480002591774,0.952750767777673,11.8373323790733,0.243797969589155,1.0,False
101,114,154,Cryptochloris wintoni,Afrosoricida,Chrysochloridae,CR,2.85059290572101,1.96174440503637,2.99123690085041,0.966366759696468,0.839,False
102,115,155,Congosorex phillipsorum,Eulipotyphla,Soricidae,CR,2.83237487685116,3.97494466760251,2.97360771789635,0.967518866204957,0.701,False
103,116,156,Dipodomys gravipes,Rodentia,Heteromyidae,CR,2.82381592798149,0.821391962356644,2.96434045870061,0.970586139700088,0.952,False
104,117,157,Peroryctes broadbenti,Peramelemorphia,Peramelidae,EN,2.81449249764507,1.52835661775144,5.83221330333513,0.477873992604072,1.0,False
105,118,158,Rhinopithecus brelichi,Primates,Cercopithecidae,CR,2.76382974220516,0.984541244673183,2.90256323883069,0.97038162961448,0.979,False
106,119,159,Pteralopex flanneryi,Chiroptera,Pteropodidae,CR,2.76190289041534,2.26604153450287,2.87699049657561,0.972076159137107,0.802,False
107,120,160,Smutsia temminckii,Pholidota,Manidae,VU,2.76085252966831,1.378070137904,11.6534614420706,0.24293833784475,1.0,False
108,121,162,Pteralopex pulchra,Chiroptera,Pteropodidae,CR,2.74106019547056,2.27136023188762,2.89355709020869,0.972076159137107,0.799,False
109,122,163,Geocapromys brownii,Rodentia,Echimyidae,EN,2.72842204511588,1.52203626212151,5.55350646744849,0.492832936069451,1.0,False
110,123,165,Brachyteles arachnoides,Primates,Atelidae,CR,2.70303640494834,0.862165545669553,2.83126863761463,0.971046491143967,0.975,False
111,124,166,Giraffa camelopardalis,Artiodactyla,Giraffidae,VU,2.69750435982226,0.982749136583259,11.2115739494993,0.243674501931548,1.0,False
112,125,167,Brachyteles hypoxanthus,Primates,Atelidae,CR,2.6924114884103,0.865372909357038,2.84542277166167,0.971205938507324,0.978,False
113,126,168,Rousettus bidens,Chiroptera,Pteropodidae,VU,2.68573476261324,0.98296670816973,11.2114213099458,0.24601531831274,0.986,False
114,127,169,Chalinolobus tuberculatus,Chiroptera,Vespertilionidae,CR,2.68073394376597,2.05846063426068,2.81314686424292,0.971947432056028,0.721,False
115,128,170,Catagonus wagneri,Artiodactyla,Tayassuidae,EN,2.67768673520627,1.6379327243029,5.59061975504298,0.489819036257043,1.0,False
116,129,171,Chimarrogale phaeura,Eulipotyphla,Soricidae,EN,2.66733825763479,2.5722692610291,6.04581306068663,0.493632974419255,0.86,False
117,131,173,Presbytis chrysomelas,Primates,Cercopithecidae,CR,2.65697859966299,1.61345191097692,2.79736549970671,0.97038162961448,0.757,False
118,132,174,Hipposideros coxi,Chiroptera,Hipposideridae,EN,2.65259647035263,2.30036964224207,6.02833602546788,0.496217463674415,0.858,False
119,133,175,Lonchorhina orinocensis,Chiroptera,Phyllostomidae,VU,2.63921746242603,1.09612196123938,11.0143070086047,0.245516772328093,0.997,False
120,134,177,Beatragus hunteri,Artiodactyla,Bovidae,CR,2.62419342359856,0.841178127782582,2.75805750998647,0.971423688428519,0.973,False
121,135,178,Nomascus hainanus,Primates,Hylobatidae,CR,2.60599120730996,0.865096798234156,2.74169917897153,0.970732182770476,0.94,False
122,136,180,Nomascus nasutus,Primates,Hylobatidae,CR,2.60018818577842,0.887364354279335,2.73219092975154,0.970925260099311,0.931,False
123,137,181,Lepilemur septentrionalis,Primates,Lepilemuridae,CR,2.59630101985674,1.11895479698279,2.72610255608333,0.971022851990672,0.834,False
124,138,182,Chrotogale owstoni,Carnivora,Viverridae,EN,2.59267815230227,1.42536156256768,5.3475477900992,0.487339447307544,1.0,False
125,139,184,Sminthopsis psammophila,Dasyuromorphia,Dasyuridae,VU,2.57999226681025,0.908611257831764,10.9797835949218,0.24164509364401,0.986,False
126,140,185,Tapirus bairdii,Perissodactyla,Tapiridae,EN,2.55564077651047,1.41577263923022,5.13960808244919,0.489298725607373,1.0,False
127,141,187,Dasyuroides byrnei,Dasyuromorphia,Dasyuridae,VU,2.5408030860788,0.860068025653695,10.7974038482602,0.24164509364401,1.0,False
128,142,188,Dendrolagus mayri,Diprotodontia,Macropodidae,CR,2.54020097845226,3.2337399380307,2.64437323123903,0.969540590054367,0.703,False
129,143,189,Dendrolagus scottae,Diprotodontia,Macropodidae,CR,2.53873888727773,3.31089377369578,2.67522347684516,0.969737797498439,0.7,False
130,145,192,Dendrolagus pulcherrimus,Diprotodontia,Macropodidae,CR,2.51162284503972,3.47667381996177,2.64833564442288,0.969540590054367,0.673,False
131,146,193,Tarsius tarsier,Primates,Tarsiidae,VU,2.50975151818091,1.44582477863688,10.9869239829596,0.243746381587006,0.999,False
132,147,195,Enhydra lutris,Carnivora,Mustelidae,EN,2.49442859190611,1.37349357011906,5.15070407475634,0.482722139237721,1.0,False
133,148,196,Aproteles bulmerae,Chiroptera,Pteropodidae,CR,2.4889842903599,4.17983320385645,2.6264288949214,0.971780072742575,0.636,False
134,149,197,Eulemur flavifrons,Primates,Lemuridae,CR,2.48471204301069,0.79089440409619,2.62552938852416,0.970903392170865,0.965,False
135,150,198,Microakodontomys transitorius,Rodentia,Cricetidae,EN,2.47465000780027,1.4725058797261,5.469199726,0.485010383861242,0.941,False
136,151,199,Anthops ornatus,Chiroptera,Hipposideridae,VU,2.46810881135003,2.64964832202795,11.7035560439964,0.245394082208774,0.866,False
137,152,203,Rhinopithecus strykeri,Primates,Cercopithecidae,CR,2.44332748423868,1.03576853490412,2.54677290134676,0.970168698415343,0.913,False
138,153,204,Dendromus kahuziensis,Rodentia,Nesomyidae,CR,2.43578727338248,3.72345363922702,2.5660478776309,0.969011460749559,0.637,False
139,154,205,Phaner furcifer,Primates,Cheirogaleidae,EN,2.43276970459946,1.98448545022683,4.73963453518895,0.490183656289765,0.971,False
140,155,206,Phaner parienti,Primates,Cheirogaleidae,EN,2.39668224998441,2.00098600076127,4.79100713979054,0.48844630441227,0.973,False
141,156,207,Pteromyscus pulverulentus,Rodentia,Sciuridae,EN,2.39330787693669,1.4330920339331,5.01494007603479,0.49532741591327,0.982,False
142,157,208,Phaner pallescens,Primates,Cheirogaleidae,EN,2.38421935325323,2.03917159045889,4.72995224963097,0.490183656289765,0.975,False
143,158,209,Habromys lepturus,Rodentia,Cricetidae,CR,2.37770279843804,0.706040497464367,2.502965475229,0.970198921405592,0.841,False
144,159,210,Habromys ixtlani,Rodentia,Cricetidae,CR,2.37755903896026,0.734645176806545,2.50217150475771,0.97035630746287,0.837,False
145,160,212,Macaca sylvanus,Primates,Cercopithecidae,EN,2.35868665170692,1.36414976831763,4.94954131950126,0.485947565096241,0.995,False
146,161,214,Eudiscoderma thongareeae,Chiroptera,Megadermatidae,CR,2.35226149673101,4.22649962013753,2.49332928010534,0.973276213931794,0.617,False
147,162,215,Marmosops handleyi,Didelphimorphia,Didelphidae,CR,2.34203322112393,3.57233870447763,2.4337563241447,0.967682911044549,0.637,False
148,163,216,Xenomys nelsoni,Rodentia,Cricetidae,EN,2.3308603207244,2.10384668235181,5.59693743898272,0.47606839871576,0.842,False
149,164,217,Phaner electromontis,Primates,Cheirogaleidae,EN,2.33031597046815,1.99844219669091,4.54998959246129,0.490183656289765,0.972,False
150,166,220,Pharotis imogene,Chiroptera,Vespertilionidae,CR,2.31784366213912,4.32583947311954,2.48846612505752,0.970356921865497,0.613,False
151,167,221,Hylomyscus baeri,Rodentia,Muridae,EN,2.25956676220458,1.31750929335803,4.66965668514979,0.492418670624126,0.965,False
152,168,222,Romerolagus diazi,Lagomorpha,Leporidae,EN,2.21708135022071,4.43800128083118,4.28103938812157,0.491978787974214,0.762,False
153,169,223,Crocidura zimmermanni,Eulipotyphla,Soricidae,EN,2.21692780998064,2.60216263446205,5.05953869608435,0.48326944765462,0.775,False
154,170,224,Sturnira nana,Chiroptera,Phyllostomidae,EN,2.20532173666192,1.2398552819591,4.621774508,0.489112485267875,0.943,False
155,171,225,Potorous longipes,Diprotodontia,Potoroidae,VU,2.20196761041595,0.763921578087619,9.31792726642536,0.238733841001208,1.0,False
156,172,227,Nomascus concolor,Primates,Hylobatidae,CR,2.17568391672629,0.729679188368794,2.28286473180854,0.970732182770476,0.881,False
157,173,228,Spilocuscus rufoniger,Diprotodontia,Phalangeridae,CR,2.17433450764493,1.50890218844612,2.28703158273304,0.969540590054367,0.668,False
158,174,229,Addax nasomaculatus,Artiodactyla,Bovidae,CR,2.14489802009317,0.692012708417302,2.24649888985584,0.970605427818649,0.838,False
159,175,230,Spilocuscus wilsoni,Diprotodontia,Phalangeridae,CR,2.12579677581859,2.29746013171905,2.26706669715004,0.969017552722647,0.618,False
160,176,233,Rhinopithecus roxellana,Primates,Cercopithecidae,EN,2.09682233096582,1.1998077650136,4.24595343569389,0.487158164690312,1.0,False
161,177,234,Ailurops ursinus,Diprotodontia,Phalangeridae,VU,2.08808398320725,0.750817216303422,8.77790256673069,0.240748820088661,1.0,False
162,178,235,Myotis yanbarensis,Chiroptera,Vespertilionidae,CR,2.07447277234597,1.01878123098338,2.18949508117412,0.970406339189167,0.72,False
163,179,236,Bubalus mindorensis,Artiodactyla,Bovidae,CR,2.07315145698918,0.750255297353226,2.18248464656931,0.971589141955709,0.817,False
164,180,237,Rhinopithecus bieti,Primates,Cercopithecidae,EN,2.06458516532606,1.16231396618265,4.23870648698993,0.487158164690312,1.0,False
165,181,238,Chinchilla chinchilla,Rodentia,Chinchillidae,EN,2.06095564250491,1.19579522354861,4.17890302566192,0.491916408029508,0.999,False
166,182,239,Heteromys nelsoni,Rodentia,Heteromyidae,EN,2.05614944998517,1.55704149140004,4.53228029818275,0.481584072209517,0.86,False
167,183,240,Chinchilla lanigera,Rodentia,Chinchillidae,EN,2.05265142940271,1.21417720108401,4.16358833878004,0.491423868908558,1.0,False
168,185,242,Ailuropoda melanoleuca,Carnivora,Ursidae,VU,2.04577034869208,0.727778560681794,8.60842656116917,0.242793856918379,1.0,False
169,186,243,Nycticebus pygmaeus,Primates,Lorisidae,EN,2.04000455650308,1.42145096971858,4.38182653757623,0.487029024104238,0.928,False
170,187,244,Cryptochloris zyli,Afrosoricida,Chrysochloridae,EN,2.03882586870629,1.54308250014463,4.07353299485281,0.467714292400376,0.959,False
171,188,245,Tarsius tumpara,Primates,Tarsiidae,CR,2.02933330493249,2.84880696162506,2.16506305998375,0.971022851990672,0.583,False
172,190,247,Eulemur mongoz,Primates,Lemuridae,CR,2.02701353782129,0.51585245789312,2.14224863958466,0.970903392170865,0.88,False
173,191,248,Caenolestes convelatus,Paucituberculata,Caenolestidae,VU,2.02634372256167,1.04036952937404,8.71199362224195,0.240378877718319,0.998,False
174,192,249,Leptonycteris nivalis,Chiroptera,Phyllostomidae,EN,2.0143081124723,1.1880991805659,4.11796306368323,0.496169683244819,1.0,False
175,193,250,Biswamoyopterus biswasi,Rodentia,Sciuridae,CR,2.00387076425674,2.77869269762234,2.13583113433883,0.971643508298513,0.568,False
176,194,251,Mystromys albicaudatus,Rodentia,Nesomyidae,VU,1.99202470159603,1.79592116014271,8.77471012267742,0.240518744138533,0.872,False
177,195,252,Porcula salvania,Artiodactyla,Suidae,EN,1.98850812305713,2.44707087884098,3.72501483378088,0.493511594932958,0.912,False
178,196,254,Lamottemys okuensis,Rodentia,Muridae,EN,1.98263504721624,2.06435520954196,4.44144588089075,0.488500207163901,0.752,False
179,197,255,Cryptoprocta ferox,Carnivora,Eupleridae,VU,1.93825910088572,0.703018074265932,8.08465835306315,0.243098515287213,1.0,False
180,198,257,Dendrolagus matschiei,Diprotodontia,Macropodidae,EN,1.9318760796768,1.21439054498931,4.10179638341245,0.483345061909206,0.957,False
181,200,261,Pteralopex atrata,Chiroptera,Pteropodidae,EN,1.91631530454599,1.63771525077714,3.7641720570079,0.497307899702545,0.933,False
182,201,262,Petrogale persephone,Diprotodontia,Macropodidae,EN,1.90929392556777,1.285216570985,4.18141835201959,0.479651248545996,0.921,False
183,202,263,Microgale jenkinsae,Afrosoricida,Tenrecidae,EN,1.89925442816844,2.71548375892372,3.83966059816213,0.465734260787695,0.785,False
184,203,264,Rhagomys rufescens,Rodentia,Cricetidae,VU,1.88339492099777,0.742099232503711,8.17058993837075,0.24086631535167,0.949,False
185,204,265,Murina harpioloides,Chiroptera,Vespertilionidae,EN,1.87918806117386,1.6537337262008,3.83605900643952,0.489138631572289,0.92,False
186,205,266,Pteralopex anceps,Chiroptera,Pteropodidae,EN,1.87438613801765,1.53887004798415,3.74832849367706,0.497307899702545,0.943,False
187,206,267,Nilopegamys plumbeus,Rodentia,Muridae,CR,1.86949236833501,2.76582218987972,1.97342652809569,0.973118110661883,0.541,False
188,207,268,Microgale jobihely,Afrosoricida,Tenrecidae,EN,1.86286184921682,2.62584150338586,3.76301797461308,0.465352730472314,0.794,False
189,208,269,Ochotona koslowi,Lagomorpha,Ochotonidae,EN,1.85111304127915,1.15436876831529,3.87645604582533,0.490481686609364,0.946,False
190,209,271,Macrogalidia musschenbroekii,Carnivora,Viverridae,VU,1.85087798082165,0.625426197933002,7.75469619464575,0.243918279101649,1.0,False
191,210,272,Rheithrosciurus macrotis,Rodentia,Sciuridae,VU,1.85055148187521,1.51564705322925,8.39217732373851,0.246382874169083,0.927,False
192,211,274,Lepilemur microdon,Primates,Lepilemuridae,EN,1.84797058856834,1.30173532859136,3.98280390605666,0.493289449274799,0.937,False
193,212,275,Ruwenzorisorex suncoides,Eulipotyphla,Soricidae,VU,1.84640368589036,1.6535123456333,8.18928160837867,0.239425617519377,0.882,False
194,213,276,Myotis pruinosus,Chiroptera,Vespertilionidae,EN,1.84428899470573,1.29786809554184,3.92860894417228,0.486669289940397,0.87,False
195,214,277,Amblysomus marleyi,Afrosoricida,Chrysochloridae,EN,1.84041317719211,1.48665846797921,3.98956375095779,0.465734260787695,0.882,False
196,215,278,Pipistrellus subflavus,Chiroptera,Vespertilionidae,VU,1.83937466567163,2.0910440427652,8.22304755623042,0.245913439180371,0.814,False
197,216,279,Dasyurus viverrinus,Dasyuromorphia,Dasyuridae,EN,1.83209815287826,1.06323899080756,3.87442458857495,0.479358354701894,1.0,False
198,217,281,Thylamys karimii,Didelphimorphia,Didelphidae,VU,1.81975595663368,0.740734182154036,7.71853726554876,0.240518220671084,0.945,False
199,218,283,Limnogale mergulus,Afrosoricida,Tenrecidae,VU,1.80148064895223,2.47734491910043,7.77160789091106,0.236477482828949,0.882,False
200,219,284,Phalanger matanim,Diprotodontia,Phalangeridae,CR,1.79552699121739,2.2011173503758,1.86959390320582,0.969702234783321,0.535,False
201,220,285,Bos sauveli,Artiodactyla,Bovidae,CR,1.79226607314133,0.589492060396856,1.89138367289908,0.971654723932162,0.632,False
202,221,286,Pontoporia blainvillei,Artiodactyla,Pontoporiidae,VU,1.78310490034051,0.626594155780389,7.39901185024863,0.245497660209467,0.989,False
203,222,287,Dorcopsis atrata,Diprotodontia,Macropodidae,CR,1.77630464817192,2.40097324462781,1.88925033694343,0.969540590054367,0.528,False
204,223,288,Perameles bougainville,Peramelemorphia,Peramelidae,VU,1.76726353647683,0.645843023413281,7.52129096030324,0.24030300449005,1.0,False
205,224,289,Lepilemur hollandorum,Primates,Lepilemuridae,CR,1.76542325998646,1.49039195066161,1.85970450486331,0.971222493100047,0.532,False
206,225,290,Nomascus siki,Primates,Hylobatidae,CR,1.75959216572787,0.747327412993966,1.86192503551832,0.971046491143967,0.58,False
207,226,291,Callimico goeldii,Primates,Callitrichidae,VU,1.7582794058053,1.15044784285048,7.7723392688421,0.245683034794913,0.914,False
208,227,292,Nomascus leucogenys,Primates,Hylobatidae,CR,1.75434857307549,0.736557687666744,1.85839136634621,0.970925260099311,0.579,False
209,228,293,Phalanger lullulae,Diprotodontia,Phalangeridae,EN,1.74184519755124,1.77185818057301,3.74167392342896,0.481056921408359,0.769,False
210,229,295,Lasiorhinus krefftii,Diprotodontia,Vombatidae,CR,1.73661987582902,0.769786003300416,1.82587894272244,0.969408616115037,0.543,False
211,230,296,Chrysospalax trevelyani,Afrosoricida,Chrysochloridae,EN,1.73562574126652,1.57485383991641,3.64584151517866,0.466624755698088,0.905,False
212,231,297,Crocidura miya,Eulipotyphla,Soricidae,EN,1.73054935683375,1.63637123258751,3.68393214955702,0.479457057607838,0.773,False
213,232,299,Setonix brachyurus,Diprotodontia,Macropodidae,VU,1.72467756496186,0.914997774440532,7.7008540045,0.23861971544081,0.989,False
214,233,300,Redunca fulvorufula,Artiodactyla,Bovidae,EN,1.72383190961487,0.973673273705062,3.51868573158347,0.495110542781442,0.997,False
215,234,301,Dipodomys ingens,Rodentia,Heteromyidae,EN,1.72142947345131,0.986334644368393,3.53051809567272,0.487804028891327,0.969,False
216,235,302,Myosorex eisentrauti,Eulipotyphla,Soricidae,CR,1.71853523000449,2.36231932434158,1.85069693411688,0.967466984559784,0.522,False
217,236,304,Eulemur macaco,Primates,Lemuridae,EN,1.7133765085424,0.939355990050652,3.51680764726069,0.489504728028494,1.0,False
218,237,305,Hylomys parvus,Eulipotyphla,Erinaceidae,VU,1.71129870963191,0.651912663630569,7.19014319124569,0.246291871791583,1.0,False
219,238,306,Lepilemur leucopus,Primates,Lepilemuridae,EN,1.70973997284581,1.15456570067656,3.63418627307989,0.490890241210987,0.921,False
220,239,307,Trinomys moojeni,Rodentia,Echimyidae,EN,1.70862979572509,1.01014927085755,3.57405137811756,0.489599216874709,0.975,False
221,240,308,Lepilemur tymerlachsoni,Primates,Lepilemuridae,CR,1.70693869944644,1.53979295633667,1.78221697172282,0.97112732079161,0.509,False
222,241,309,Rhynchocyon chrysopygus,Macroscelidea,Macroscelididae,EN,1.70531047463675,5.05488956574311,3.58432355590168,0.465597953354821,0.69,False
223,242,310,Balantiopteryx infusca,Chiroptera,Emballonuridae,VU,1.69467684559426,0.600929138827401,6.95243765729673,0.246059419333368,1.0,False
224,243,312,Odobenus rosmarus,Carnivora,Odobenidae,VU,1.68654972999048,0.645673603083616,7.16424205950091,0.241115813930247,1.0,False
225,244,313,Muntiacus vuquangensis,Artiodactyla,Cervidae,CR,1.67512151406327,1.17721323106024,1.78226010277466,0.970756411784619,0.513,False
226,245,314,Cystophora cristata,Carnivora,Phocidae,EN,1.67438442417541,0.990505603613132,3.438693790827,0.480497294600884,1.0,False
227,246,315,Arabitragus jayakari,Artiodactyla,Bovidae,EN,1.67385494973722,0.934150396448977,3.41694364468217,0.494694578125788,1.0,False
228,247,316,Hipposideros pomona,Chiroptera,Hipposideridae,EN,1.66988187867399,1.25893433911344,3.78235645560533,0.494750215186082,0.791,False
229,248,317,Balantiopteryx io,Chiroptera,Emballonuridae,VU,1.66642641025245,0.587388719707484,6.95943355244306,0.246124997597564,1.0,False
230,249,318,Crocidura hikmiya,Eulipotyphla,Soricidae,EN,1.65884679439799,1.61309587365326,3.68892581789209,0.481672497261972,0.749,False
231,250,319,Emballonura semicaudata,Chiroptera,Emballonuridae,EN,1.64674309858889,2.04547939354813,3.3759494828305,0.498411802408894,0.735,False
232,251,325,Tarsius bancanus,Primates,Tarsiidae,VU,1.62297261532875,0.993369244002916,6.9854842707335,0.243365087935309,0.987,False
233,252,326,Tachyoryctes macrocephalus,Rodentia,Spalacidae,EN,1.61802330839877,2.09184810077312,3.02962853316476,0.496157640287477,0.731,False
234,253,328,Tolypeutes tricinctus,Cingulata,Tolypeutidae,VU,1.61524470218249,1.56934071886288,6.87015334084838,0.237791604364075,0.992,False
235,254,331,Liomys spectabilis,Rodentia,Heteromyidae,EN,1.59356733738811,0.948446170096994,3.28999168311324,0.485375293432832,0.989,False
236,255,332,Cheirogaleus medius,Primates,Cheirogaleidae,VU,1.58666387049683,0.691873270169276,6.64399280105682,0.244060842924806,0.949,False
237,256,333,Peromyscus ochraventer,Rodentia,Cricetidae,EN,1.57981320698629,1.00065083292667,3.43421087291359,0.488670182987714,0.926,False
238,257,334,Rousettus spinalatus,Chiroptera,Pteropodidae,VU,1.57679461729642,0.665842576489625,6.67345073679193,0.245599666271901,0.954,False
239,258,335,Megadendromus nikolausi,Rodentia,Nesomyidae,VU,1.56257764318734,1.79572817862862,6.51254268748591,0.240518744138533,0.877,False
240,259,336,Cheirogaleus lavasoensis,Primates,Cheirogaleidae,EN,1.55999006663461,0.974358238651792,3.24042552993192,0.490183656289765,0.913,False
241,260,337,Reithrodontomys raviventris,Rodentia,Cricetidae,EN,1.55991768329721,1.01146579555723,3.43414973091834,0.477539079420862,0.88,False
242,261,338,Eulemur coronatus,Primates,Lemuridae,EN,1.54709769709434,0.926030189531245,3.17510357288687,0.48844630441227,0.999,False
243,262,340,Fossa fossana,Carnivora,Eupleridae,VU,1.5410296999182,0.56866075097349,6.4882375344689,0.242975788672422,1.0,False
244,263,341,Nilgiritragus hylocrius,Artiodactyla,Bovidae,EN,1.53687918859465,0.83082003779647,3.07492987465197,0.492078342730834,0.991,False
245,264,342,Eupleres goudotii,Carnivora,Eupleridae,VU,1.53077698999789,0.568922299601869,6.43987495131474,0.242850834286174,1.0,False
246,265,343,Emballonura serii,Chiroptera,Emballonuridae,VU,1.52655519306007,0.749031340670218,6.36677222073249,0.246124997597564,0.962,False
247,266,344,Rhinopoma hadramauticum,Chiroptera,Rhinopomatidae,EN,1.52643759077167,1.09675741813258,3.11431364044437,0.497897419964513,0.807,False
248,267,345,Panthera tigris,Carnivora,Felidae,EN,1.51565773345254,0.871517737369358,3.14802153779176,0.489702867340526,1.0,False
249,268,346,Eubalaena japonica,Artiodactyla,Balaenidae,EN,1.51296664649083,0.843939535770692,3.05722657151806,0.490000404918483,0.969,False
250,269,347,Neopteryx frosti,Chiroptera,Pteropodidae,EN,1.51229209395257,2.47434023631189,2.84291379761339,0.497307899702545,0.672,False
251,270,349,Trachypithecus geei,Primates,Cercopithecidae,EN,1.49804653462426,1.00320376106715,3.2221329161644,0.487554133397616,0.874,False
252,271,350,Megadontomys cryophilus,Rodentia,Cricetidae,EN,1.49643454957289,0.875360042661748,3.11670971062352,0.481197695226766,0.998,False
253,272,354,Mirza coquereli,Primates,Cheirogaleidae,EN,1.48611598927143,0.833104087738726,3.01782436982201,0.490183656289765,0.997,False
254,273,359,Mandrillus leucophaeus,Primates,Cercopithecidae,EN,1.47762404322834,0.827851836276155,3.03016295147869,0.490481686609364,0.998,False
255,274,360,Micropotamogale lamottei,Afrosoricida,Potamogalidae,VU,1.47653817896355,1.81382293588327,5.88795401775253,0.236761557662488,0.941,False
256,275,362,Marmosa xerophila,Didelphimorphia,Didelphidae,VU,1.4698780471784,0.645684634354773,6.36000024251328,0.2395255397493,0.939,False
257,277,368,Cercopithecus hamlyni,Primates,Cercopithecidae,VU,1.45480594780524,0.547740353749574,6.1381113365,0.245809998450805,0.991,False
258,278,370,Dendrolagus mbaiso,Diprotodontia,Macropodidae,EN,1.43617772111249,1.67740786732629,2.71507227309247,0.482904011072377,0.728,False
259,279,372,Crocidura canariensis,Eulipotyphla,Soricidae,EN,1.42425210794889,1.32147589611666,3.09708585905813,0.48326944765462,0.731,False
260,280,373,Rangifer tarandus,Artiodactyla,Cervidae,VU,1.42217594770104,0.4966434296033,5.97721709150004,0.243320943767257,1.0,False
261,281,375,Dendrolagus notatus,Diprotodontia,Macropodidae,EN,1.41011904046874,1.93873042079939,2.89166611564385,0.484031680347557,0.709,False
262,282,376,Nomascus gabriellae,Primates,Hylobatidae,EN,1.4028047392582,0.806714679370575,2.86977232573455,0.490312360283627,0.967,False
263,283,379,Nesolagus timminsi,Lagomorpha,Leporidae,EN,1.3974428439887,2.46143519543876,2.76574584747695,0.491029620967453,0.65,False
264,284,381,Nomascus annamensis,Primates,Hylobatidae,EN,1.38294679811276,0.85582275143545,2.91587192241769,0.490312360283627,0.958,False
265,285,382,Dorcatragus megalotis,Artiodactyla,Bovidae,VU,1.37924884757251,0.503371209526833,5.73755240236831,0.245262480154485,1.0,False
266,288,387,Megadontomys thomasi,Rodentia,Cricetidae,EN,1.36602240707116,0.771917471805217,2.81011512098027,0.479590231752292,0.991,False
267,290,392,Megadontomys nelsoni,Rodentia,Cricetidae,EN,1.3517202138611,0.774423842377524,2.81323516381046,0.479590231752292,0.988,False
268,291,393,Hesperoptenus tomesi,Chiroptera,Vespertilionidae,VU,1.35008076124798,1.45116810952229,5.91137609682317,0.243769251416132,0.805,False
269,292,394,Phyllomys lundi,Rodentia,Echimyidae,EN,1.34631285071262,0.931785596616672,2.84484738595175,0.496447409599272,0.834,False
270,293,398,Loris tardigradus,Primates,Lorisidae,EN,1.32993951682847,0.745026285999917,2.6424154203445,0.485925019256114,0.981,False
271,294,405,Arctictis binturong,Carnivora,Viverridae,VU,1.31082252048219,0.463900961380021,5.5764775158895,0.242975788672422,1.0,False
272,295,409,Leontopithecus chrysopygus,Primates,Callitrichidae,EN,1.29226620484218,1.24889690709228,2.60566611911512,0.495923726102257,0.739,False
273,296,410,Tarsius sangirensis,Primates,Tarsiidae,EN,1.29010032187263,1.74700458030679,2.58485606712699,0.489128016056468,0.67,False
274,297,411,Vormela peregusna,Carnivora,Mustelidae,VU,1.2887702794204,0.496932893381391,5.45245698997185,0.241680389060108,1.0,False
275,298,412,Lonchorhina fernandezi,Chiroptera,Phyllostomidae,EN,1.28800804202486,1.85687707489968,2.51871531517974,0.497307899702545,0.617,False
276,299,413,Sundasciurus fraterculus,Rodentia,Sciuridae,VU,1.28586485901108,0.564078080734245,5.36759201864052,0.246944056861299,0.981,False
277,300,414,Myotis capaccinii,Chiroptera,Vespertilionidae,VU,1.28154744659844,0.668629933480721,5.44132302859272,0.243387092631136,0.884,False
278,301,415,Tupaia nicobarica,Scandentia,Tupaiidae,EN,1.27954229537598,1.73491892338723,2.71445262269891,0.490481686609364,0.655,False
279,302,416,Peromyscus melanocarpus,Rodentia,Cricetidae,EN,1.27887764295827,0.828940806212848,2.74640832371773,0.484774095701942,0.879,False
280,303,417,Microtus umbrosus,Rodentia,Cricetidae,EN,1.27432774865106,0.782513248911316,2.73800524993165,0.469225928046922,0.881,False
281,304,418,Hipposideros turpis,Chiroptera,Hipposideridae,EN,1.2719503605827,0.984599141529618,2.72973275437251,0.496217463674415,0.769,False
282,305,421,Leontopithecus caissara,Primates,Callitrichidae,EN,1.26691856784915,1.26168643418241,2.57907717723178,0.495756537497738,0.715,False
283,306,422,Srilankamys ohiensis,Rodentia,Muridae,VU,1.26247440555299,1.1764868445892,5.910795869,0.244141106943734,0.814,False
284,307,423,Pteralopex taki,Chiroptera,Pteropodidae,VU,1.26129772832152,0.802845278283056,5.35736744808967,0.246197227172228,0.992,False
285,308,424,Suncus fellowesgordoni,Eulipotyphla,Soricidae,EN,1.2591952341587,0.887685544639873,2.64103560569869,0.486131950263181,0.774,False
286,309,429,Trachypithecus vetulus,Primates,Cercopithecidae,EN,1.24099705576225,0.737818188941156,2.53813952725039,0.487554133397616,0.884,False
287,310,430,Cheirogaleus major,Primates,Cheirogaleidae,VU,1.23655129110292,0.543099966937799,5.24236302690023,0.244060842924806,0.939,False
288,311,431,Tarsius pumilus,Primates,Tarsiidae,EN,1.23287863310718,1.53678742904856,2.41497356714468,0.489128016056468,0.657,False
289,312,434,Myosorex kihaulei,Eulipotyphla,Soricidae,EN,1.22670043128409,1.33228579482299,2.50849030427705,0.471799977215062,0.663,False
290,313,435,Mirza zaza,Primates,Cheirogaleidae,VU,1.22425702477497,0.590649669956887,5.07434258799119,0.244060842924806,1.0,False
291,314,438,Lepilemur mustelinus,Primates,Lepilemuridae,VU,1.22228733499113,0.828271407312204,5.25341941875324,0.244269261480445,0.954,False
292,315,439,Tarsius pelengensis,Primates,Tarsiidae,EN,1.22197819775417,1.60484419617472,2.57369950873004,0.489128016056468,0.665,False
293,316,440,Saccopteryx antioquensis,Chiroptera,Emballonuridae,EN,1.21867748024844,1.60896272213719,2.47779388903246,0.497076692493722,0.64,False
294,317,441,Myosorex geata,Eulipotyphla,Soricidae,EN,1.21774272255175,1.38891272350744,2.52241700499908,0.472051599209105,0.661,False
295,318,443,Dama mesopotamica,Artiodactyla,Cervidae,EN,1.21459087694232,0.691699916905433,2.43384695522592,0.486736851108714,0.908,False
296,319,448,Microcebus sambiranensis,Primates,Cheirogaleidae,EN,1.20689022121169,0.835842726971705,2.6241981562752,0.490183656289765,0.825,False
297,321,453,Chilonatalus micropus,Chiroptera,Natalidae,VU,1.20003865354003,0.536987951839087,5.01131040922981,0.246991028366865,1.0,False
298,322,455,Microcebus tanosi,Primates,Cheirogaleidae,EN,1.19692616979248,0.757428053583948,2.52243226859721,0.490183656289765,0.838,False
299,323,456,Hylobates pileatus,Primates,Hylobatidae,EN,1.1956745132592,0.7258709621362,2.45100007290939,0.490312360283627,0.955,False
300,324,457,Dyacopterus rickarti,Chiroptera,Pteropodidae,EN,1.19393706516034,1.55722036654397,2.35544249440221,0.496934170750205,0.636,False
301,325,458,Acerodon jubatus,Chiroptera,Pteropodidae,EN,1.19381800748871,1.2998350960772,2.41789623525422,0.489007350343147,0.664,False
302,326,459,Podoxymys roraimae,Rodentia,Cricetidae,VU,1.19345701316761,0.449077295947795,5.05964304250002,0.244279270468979,0.945,False
303,327,460,Rhogeessa genowaysi,Chiroptera,Vespertilionidae,EN,1.19207050668592,0.897565901360559,2.49764598683607,0.504057374113551,0.751,False
304,328,463,Cuon alpinus,Carnivora,Canidae,EN,1.17493361487733,0.671108022925531,2.45812110401411,0.481273530837235,0.93,False
305,329,468,Chrysospalax villosus,Afrosoricida,Chrysochloridae,VU,1.16700204519689,0.747710071813329,4.94944793720714,0.236761557662488,0.984,False
306,330,469,Reithrodontomys hirsutus,Rodentia,Cricetidae,VU,1.16526823630803,0.47379258816882,5.04049259405813,0.239967947541314,0.921,False
307,331,472,Tomopeas ravus,Chiroptera,Molossidae,EN,1.15695385137536,2.22094113220452,2.2721531442018,0.503271855235629,0.582,False
308,332,479,Microcebus macarthurii,Primates,Cheirogaleidae,EN,1.13679850156517,0.781529336070155,2.33842915621528,0.490183656289765,0.732,False
309,333,484,Marmosops pakaraimae,Didelphimorphia,Didelphidae,VU,1.11996391753206,0.909818033482351,5.02560440574528,0.239768456431963,0.821,False
310,334,485,Diplogale hosei,Carnivora,Viverridae,VU,1.11680168000037,0.415512770115043,4.66534101085503,0.24378749565102,1.0,False
311,335,487,Antechinus arktos,Dasyuromorphia,Dasyuridae,EN,1.11544828168745,1.48638287661135,2.22846785645554,0.48154342133153,0.595,False
312,336,489,Voalavo antsahabensis,Rodentia,Nesomyidae,EN,1.11279244023203,1.52367284595013,2.22503083698805,0.479690237020728,0.602,False
313,337,493,Anotomys leander,Rodentia,Cricetidae,EN,1.10936712642286,1.3629361000824,2.22903734287953,0.490063814883996,0.61,False
314,338,496,Suncus aequatorius,Eulipotyphla,Soricidae,EN,1.10451207307194,1.61324221917676,2.21576181664188,0.473186786216008,0.593,False
315,339,498,Murina rozendaali,Chiroptera,Vespertilionidae,VU,1.10321862659731,0.504391873420486,4.6478403752469,0.243815279424788,0.945,False
316,340,500,Microtus oaxacensis,Rodentia,Cricetidae,EN,1.09901572243906,0.673679410843876,2.35309053768672,0.472397014874066,0.847,False
317,341,503,Nesomys lambertoni,Rodentia,Nesomyidae,EN,1.09802197524747,1.38533433915658,2.15812947291049,0.480412608069097,0.588,False
318,342,507,Dinaromys bogdanovi,Rodentia,Cricetidae,VU,1.08817459842712,1.05264768182634,5.01928323495349,0.241808489657217,0.745,False
319,343,510,Echymipera davidi,Peramelemorphia,Peramelidae,EN,1.08268960227486,1.45232741526924,2.23519908773163,0.478567228635719,0.595,False
320,344,513,Diplothrix legata,Rodentia,Muridae,EN,1.07959867181646,1.2066436155912,2.22750697048057,0.50153476628034,0.58,False
321,345,515,Mindomys hammondi,Rodentia,Cricetidae,EN,1.07862282632218,1.40596010734907,2.2214929083173,0.483998942665454,0.559,False
322,346,517,Sylvilagus brasiliensis,Lagomorpha,Leporidae,EN,1.07245602578594,1.07061618968427,2.33998876990578,0.488034627054486,0.625,False
323,347,519,Myotis scotti,Chiroptera,Vespertilionidae,VU,1.07066739491814,0.605650097658456,4.55167014551281,0.243006760157716,0.862,False
324,348,522,Reithrodontomys tenuirostris,Rodentia,Cricetidae,EN,1.06907300274674,0.689866630907871,2.34824075123956,0.476797375103485,0.851,False
325,349,523,Bubalus arnee,Artiodactyla,Bovidae,EN,1.06904402849502,0.656839667906436,2.14910054870236,0.492714514809495,0.792,False
326,350,524,Wilfredomys oenax,Rodentia,Cricetidae,EN,1.06724685959269,1.46192528807456,2.03953203158014,0.490372418270785,0.565,False
327,351,525,Lepilemur hubbardorum,Primates,Lepilemuridae,EN,1.06562785857781,0.726155531085896,2.21749448450474,0.490183656289765,0.74,False
328,352,529,Murina aenea,Chiroptera,Vespertilionidae,VU,1.06161321047578,0.459475045573176,4.44693168263777,0.244103042497636,0.965,False
329,353,532,Kobus megaceros,Artiodactyla,Bovidae,EN,1.05480662918928,0.630449741474027,2.13994861144163,0.494694578125788,0.758,False
330,354,534,Iomys sipora,Rodentia,Sciuridae,EN,1.05459926974687,1.44655506295976,2.09589689031307,0.49483332029144,0.577,False
331,355,535,Dendrolagus goodfellowi,Diprotodontia,Macropodidae,EN,1.05275218331501,0.66522944934939,2.17521126214002,0.483541103059877,0.721,False
332,356,538,Lepilemur aeeclis,Primates,Lepilemuridae,EN,1.0490646253047,0.713770235444855,2.16993382042355,0.490183656289765,0.717,False
333,357,540,Orcaella brevirostris,Artiodactyla,Delphinidae,EN,1.0458038684202,0.606053690291708,2.10080526837688,0.492824666571706,0.821,False
334,358,542,Liberiictis kuhni,Carnivora,Herpestidae,VU,1.04088257508863,0.49721455275764,4.46473621156493,0.243211116576945,0.922,False
335,359,544,Leontopithecus chrysomelas,Primates,Callitrichidae,EN,1.03705280481984,0.866172925964704,2.07982261525614,0.495756537497738,0.617,False
336,360,546,Lepilemur randrianasoloi,Primates,Lepilemuridae,EN,1.03296748266914,0.692337409416486,2.1372360152255,0.490890241210987,0.713,False
337,361,549,Nesoromys ceramicus,Rodentia,Muridae,EN,1.02827873439949,1.60961435595069,2.01459861795195,0.501917746447111,0.554,False
338,363,552,Tremarctos ornatus,Carnivora,Ursidae,VU,1.02699722509093,0.531654268762244,4.22251282975709,0.242793856918379,1.0,False
339,364,556,Monodelphis reigi,Didelphimorphia,Didelphidae,VU,1.02483393521821,0.451817688061513,4.29929693845907,0.240274218140376,0.907,False
340,365,557,Dactylopsila tatei,Diprotodontia,Petauridae,EN,1.02443174652879,1.76370891415472,2.10522460122883,0.47315702837003,0.558,False
341,366,560,Suncus mertensi,Eulipotyphla,Soricidae,EN,1.02209347817947,1.69046783929904,2.10183642629151,0.487266487211265,0.559,False
342,367,561,Phaenomys ferrugineus,Rodentia,Cricetidae,EN,1.02005103934077,1.43221578788648,2.10327194807177,0.489683703046073,0.571,False
343,368,562,Proedromys bedfordi,Rodentia,Cricetidae,VU,1.01881261073871,0.437716918439881,4.40849177429885,0.23901752232636,0.894,False
344,369,564,Myosorex longicaudatus,Eulipotyphla,Soricidae,EN,1.01741268527171,1.38748354792395,2.05876129974863,0.471512264581218,0.564,False
345,370,565,Murina ryukyuana,Chiroptera,Vespertilionidae,EN,1.0173058143935,0.682815993393322,2.07939804485844,0.489356491409012,0.687,False
346,371,566,Kadarsanomys sodyi,Rodentia,Muridae,EN,1.01554144719592,1.57497909961586,1.93285588010221,0.505735228851869,0.539,False
347,372,567,Antechinus vandycki,Dasyuromorphia,Dasyuridae,EN,1.00827844601869,1.43945827066853,2.10642579013559,0.477873992604072,0.583,False
348,373,568,Cephalophus jentinki,Artiodactyla,Bovidae,EN,1.00557027700765,0.568165783456213,2.04531811687879,0.495756537497738,0.741,False
349,374,570,Hylobates lar,Primates,Hylobatidae,EN,1.00226026040605,0.598810895193338,2.08009672005193,0.490312360283627,0.809,False
350,375,573,Praomys morio,Rodentia,Muridae,EN,0.993759846746047,0.617831223596604,2.07222260860741,0.492281920017614,0.804,False
351,376,574,Sylvisorex morio,Eulipotyphla,Soricidae,EN,0.99334435034963,1.70943097596014,2.03356013354274,0.486727872494886,0.548,False
352,377,576,Tetracerus quadricornis,Artiodactyla,Bovidae,VU,0.981864069546326,0.467187977817974,4.24741477109826,0.244269261480445,0.919,False
353,378,578,Callorhinus ursinus,Carnivora,Otariidae,VU,0.979615192415381,0.380935734868107,4.20134624750027,0.241115813930247,1.0,False
354,380,585,Lepilemur fleuretae,Primates,Lepilemuridae,EN,0.972193649669054,0.889523175505988,1.89002660294748,0.489504728028494,0.553,False
355,381,587,Lepilemur wrightae,Primates,Lepilemuridae,EN,0.968812950095795,0.945665522279267,1.92865133557894,0.492078342730834,0.566,False
356,382,590,Phocarctos hookeri,Carnivora,Otariidae,EN,0.961462370654962,0.551024997891232,2.02862947825455,0.480497294600884,0.771,False
357,383,591,Neophoca cinerea,Carnivora,Otariidae,EN,0.961160969971404,0.563345237846739,2.01987224723656,0.481273530837235,0.768,False
358,384,592,Microgale dryas,Afrosoricida,Tenrecidae,VU,0.960221849844446,1.30490358847236,4.04240123835712,0.237108943626153,0.782,False
359,385,594,Lepilemur betsileo,Primates,Lepilemuridae,EN,0.955854493856834,0.908314139406687,1.91178818333889,0.490890241210987,0.556,False
360,386,595,Cercopithecus preussi,Primates,Cercopithecidae,EN,0.955208429742216,0.563624630760711,2.01374628691657,0.490481686609364,0.732,False
361,387,596,Myosorex gnoskei,Eulipotyphla,Soricidae,EN,0.952210433256612,1.44629460744173,1.9183950550357,0.471799977215062,0.538,False
362,388,597,Cercopithecus diana,Primates,Cercopithecidae,EN,0.94806636755973,0.676550092410944,1.90041390555917,0.491978787974214,0.579,False
363,389,599,Eliurus penicillatus,Rodentia,Nesomyidae,EN,0.94736123513352,1.2514719122954,1.95640117128965,0.479542773697369,0.547,False
364,390,603,Ammotragus lervia,Artiodactyla,Bovidae,VU,0.944726237944314,0.360519041104608,3.9387061399191,0.245378121525951,1.0,False
365,391,604,Cephalophus adersi,Artiodactyla,Bovidae,VU,0.943462708042041,0.339393991996746,3.94656825101442,0.245683034794913,1.0,False
366,392,607,Myosorex rumpii,Eulipotyphla,Soricidae,EN,0.941971278928257,1.30279635618296,1.91836372012294,0.471799977215062,0.541,False
367,394,610,Lepilemur scottorum,Primates,Lepilemuridae,EN,0.939097485845925,0.891232280417792,1.84162553530977,0.491508721079618,0.536,False
368,395,611,Hipposideros alongensis,Chiroptera,Hipposideridae,VU,0.938534555458002,0.705792406705986,4.18752157130387,0.245814517063555,0.794,False
369,396,613,Notopteris neocaledonica,Chiroptera,Pteropodidae,EN,0.937025046830419,1.22632905173586,1.86932698692434,0.497890173481139,0.527,False
370,399,616,Amorphochilus schnablii,Chiroptera,Furipteridae,VU,0.935515611699864,1.26874844320405,3.9259710881426,0.245063948457488,0.865,False
371,400,617,Lepilemur milanoii,Primates,Lepilemuridae,EN,0.934615390628738,0.912045124409955,1.82855631734893,0.491508721079618,0.523,False
372,401,618,Cheirogaleus crossleyi,Primates,Cheirogaleidae,VU,0.933713592224131,0.462661312777204,3.92878064683574,0.243717515454933,0.921,False
373,402,619,Antechinus bellus,Dasyuromorphia,Dasyuridae,VU,0.933168022205356,0.54792710643905,3.99237542756094,0.241438704112126,0.867,False
374,403,620,Lepilemur edwardsi,Primates,Lepilemuridae,EN,0.932505122254328,0.690024003455316,1.86934976202057,0.492078342730834,0.558,False
375,404,621,Monachus monachus,Carnivora,Phocidae,VU,0.931986193130509,0.336057062544156,3.92551735380252,0.240949249438684,1.0,False
376,405,622,Myotis sicarius,Chiroptera,Vespertilionidae,VU,0.93111208266767,0.51791818313396,3.98950862307668,0.24363304171511,0.85,False
377,406,623,Neomonachus schauinslandi,Carnivora,Phocidae,VU,0.93070186694456,0.355291633472593,3.91630807931669,0.240949249438684,1.0,False
378,407,625,Lepilemur petteri,Primates,Lepilemuridae,EN,0.928375998099435,0.868799375112092,1.88198209322194,0.493289449274799,0.541,False
379,408,626,Pteronotus paraguanensis,Chiroptera,Mormoopidae,EN,0.928000670264462,1.42336757308904,1.91002016554033,0.494750215186082,0.541,False
380,409,628,Suncus zeylanicus,Eulipotyphla,Soricidae,EN,0.926179824153829,1.5115688512649,1.92358324498405,0.486727872494886,0.535,False
381,410,629,Mus famulus,Rodentia,Muridae,EN,0.924255595169931,0.629379149943571,1.9655135870729,0.500772094762007,0.64,False
382,411,632,Microgale nasoloi,Afrosoricida,Tenrecidae,VU,0.921245177820216,1.26701105254416,3.91901744067153,0.236761557662488,0.78,False
383,412,633,Macaca siberu,Primates,Cercopithecidae,EN,0.920302203578062,0.53939033152755,1.89377697512714,0.487554133397616,0.652,False
384,413,634,Paulamys naso,Rodentia,Muridae,EN,0.918951852614869,1.43796877659899,1.92460749951757,0.48951979905574,0.531,False
385,414,635,Lepilemur dorsalis,Primates,Lepilemuridae,EN,0.918663642880878,0.604548217753247,1.89461370175394,0.492083655544921,0.603,False
386,415,639,Petrogale concinna,Diprotodontia,Macropodidae,EN,0.91569271035674,0.583592780002457,1.80614028740781,0.481056921408359,0.558,False
387,416,641,Hipposideros ridleyi,Chiroptera,Hipposideridae,VU,0.912361257008061,0.561731926162197,4.0432987647972,0.245063948457488,0.819,False
388,417,645,Myotis atacamensis,Chiroptera,Vespertilionidae,EN,0.907947660562922,0.597309734697443,1.92884369470986,0.483772291346153,0.625,False
389,418,646,Lepilemur otto,Primates,Lepilemuridae,EN,0.907086361908666,0.698587177031244,1.8414206007385,0.490890241210987,0.554,False
390,419,648,Bubalus quarlesi,Artiodactyla,Bovidae,EN,0.905165196041345,0.614281995782428,1.79641040699217,0.494293984180757,0.542,False
391,420,649,Canis simensis,Carnivora,Canidae,EN,0.903574780714336,0.519225898528185,1.87861518134669,0.480497294600884,0.611,False
392,421,651,Rhinolophus maclaudi,Chiroptera,Rhinolophidae,EN,0.903113225705119,0.742674753120071,1.86627263657159,0.501569596728198,0.546,False
393,422,654,Ateles geoffroyi,Primates,Atelidae,EN,0.900631872396311,0.523566951753547,1.83200991450175,0.490481686609364,0.581,False
394,423,655,Bubalus depressicornis,Artiodactyla,Bovidae,EN,0.900326237574702,0.602869009042762,1.81956819084156,0.492714514809495,0.569,False
395,424,658,Ateles fusciceps,Primates,Atelidae,EN,0.897868825745407,0.52016097399269,1.8272914431629,0.490481686609364,0.568,False
396,425,659,Rhinolophus ruwenzorii,Chiroptera,Rhinolophidae,EN,0.897018844403567,0.754044096265282,1.91326873543656,0.500253798764943,0.551,False
397,426,660,Neamblysomus gunningi,Afrosoricida,Chrysochloridae,EN,0.895709570402133,0.664578738817301,1.868256213218,0.466624755698088,0.563,False
398,427,661,Hoolock hoolock,Primates,Hylobatidae,EN,0.8943442718109,0.48187949125374,1.82023505371594,0.486906684682026,0.569,False
399,428,667,Rusa alfredi,Artiodactyla,Cervidae,EN,0.88713828411669,0.717636277133252,1.9723158775513,0.487704390287669,0.588,False
400,429,668,Myosorex tenuis,Eulipotyphla,Soricidae,EN,0.886909926461558,1.28946152028946,1.83399310858232,0.471512264581218,0.519,False
401,430,671,Myosorex blarina,Eulipotyphla,Soricidae,EN,0.885400095365531,1.23500420177363,1.76366721805905,0.472501746298596,0.507,False
402,431,674,Neamblysomus julianae,Afrosoricida,Chrysochloridae,EN,0.882867484669805,0.644210805085862,1.85813695557583,0.465734260787695,0.559,False
403,432,676,Budorcas taxicolor,Artiodactyla,Bovidae,VU,0.882462162833046,0.312280260258974,3.69310468508206,0.245378121525951,1.0,False
404,433,681,Niviventer hinpoon,Rodentia,Muridae,EN,0.876600452345408,0.558351331262378,1.84525751992216,0.50167031299976,0.584,False
405,434,685,Presbytis thomasi,Primates,Cercopithecidae,VU,0.872283742218973,0.655488427530817,3.96253920650175,0.243027270573548,0.781,False
406,435,686,Acerodon humilis,Chiroptera,Pteropodidae,EN,0.870069069858966,1.03143494081216,1.77269429336746,0.488139849166357,0.504,False
407,436,687,Phalanger alexandrae,Diprotodontia,Phalangeridae,EN,0.867079260178383,1.26671993325666,1.82151029481354,0.482904011072377,0.509,False
408,437,690,Lutra sumatrana,Carnivora,Mustelidae,EN,0.864063105645501,0.531425807522309,1.8088180827656,0.485961412789215,0.562,False
409,438,693,Otomys burtoni,Rodentia,Muridae,EN,0.861887748109065,0.527228757131363,1.78359885795471,0.492418670624126,0.536,False
410,439,695,Microcebus marohita,Primates,Cheirogaleidae,EN,0.860043347042332,0.596215595019473,1.81617120588131,0.491508721079618,0.544,False
411,441,700,Macaca munzala,Primates,Cercopithecidae,EN,0.858267189476292,0.561971134983258,1.80720093437832,0.488034627054486,0.554,False
412,442,706,Mesoplodon perrini,Artiodactyla,Ziphiidae,EN,0.853532362469405,1.30500130539954,1.75256448447304,0.489323359367054,0.504,False
413,443,709,Eliurus petteri,Rodentia,Nesomyidae,EN,0.851040012851867,1.17053378185,1.83622385034432,0.479690237020728,0.517,False
414,444,710,Hylopetes sipora,Rodentia,Sciuridae,EN,0.850579547339518,1.15058737726315,1.7821004674483,0.497316925356789,0.5,False
415,445,712,Hipposideros marisae,Chiroptera,Hipposideridae,VU,0.847021782936853,0.629693030231843,3.70375639374715,0.246293916383256,0.786,False
416,446,713,Hippocamelus bisulcus,Artiodactyla,Cervidae,EN,0.846335096805875,0.515469257444325,1.75048632062097,0.488411217654925,0.521,False
417,448,720,Microgale monticola,Afrosoricida,Tenrecidae,VU,0.84143395724869,1.31022202273104,3.5617975433457,0.236477482828949,0.754,False
418,449,728,Lophocebus aterrimus,Primates,Cercopithecidae,VU,0.834488357187785,0.374035529004612,3.51835153792482,0.243420213849582,0.961,False
419,450,729,Archboldomys luzonensis,Rodentia,Muridae,VU,0.832949209253331,0.469208418886224,3.33264433040796,0.247787756236223,0.994,False
420,451,731,Spalax graecus,Rodentia,Spalacidae,VU,0.828632017804927,0.411662035174585,3.51948850889369,0.245920399871511,0.887,False
421,452,737,Caenolestes sangay,Paucituberculata,Caenolestidae,VU,0.825305104999119,0.396712838251917,3.55858533752351,0.240840079238177,0.924,False
422,453,739,Brachytarsomys villosa,Rodentia,Nesomyidae,VU,0.821783880646021,1.21482055658252,3.56330347257195,0.240876811501169,0.759,False
423,454,744,Vampyressa melissa,Chiroptera,Phyllostomidae,VU,0.819027343104467,0.37738066580096,3.46446154768917,0.244554875701307,0.906,False
424,455,746,Mandrillus sphinx,Primates,Cercopithecidae,VU,0.815561994486295,0.299945371197934,3.4017903706007,0.244149009477822,1.0,False
425,456,749,Dendrolagus dorianus,Diprotodontia,Macropodidae,VU,0.810553022432109,0.415072405612753,3.53253498628577,0.242146283639138,0.939,False
426,457,752,Xeromys myoides,Rodentia,Muridae,VU,0.80854077029676,0.637147756617666,3.57467405000043,0.248458521683314,0.748,False
427,458,765,Arctonyx collaris,Carnivora,Mustelidae,VU,0.783387980364415,0.31026382922399,3.30535481706954,0.240819630961062,1.0,False
428,459,766,Megaerops kusnotoi,Chiroptera,Pteropodidae,VU,0.781727256534919,0.310251519521042,3.24969370930307,0.245508527673304,0.997,False
429,460,769,Musonycteris harrisoni,Chiroptera,Phyllostomidae,VU,0.774223874316139,0.304361700803041,3.22584346488501,0.245516772328093,0.975,False
430,461,771,Pseudochirops coronatus,Diprotodontia,Pseudocheiridae,VU,0.770966477819419,0.91560912774314,3.26508883837711,0.238308743441718,0.759,False
431,462,773,Phascogale pirata,Dasyuromorphia,Dasyuridae,VU,0.76875126621652,0.75935182409118,3.17228743562963,0.241081713717168,0.796,False
432,463,774,Perameles gunnii,Peramelemorphia,Peramelidae,VU,0.768339401422183,0.335298733770219,3.24942205786479,0.241081713717168,0.993,False
433,464,784,Caenolestes condorensis,Paucituberculata,Caenolestidae,VU,0.761642718566686,0.824555627799372,3.23716718000299,0.240518744138533,0.759,False
434,465,788,Dyacopterus brooksi,Chiroptera,Pteropodidae,VU,0.756041265065932,0.842950740696748,3.16765808296784,0.246018906623657,0.813,False
435,466,804,Conilurus penicillatus,Rodentia,Muridae,VU,0.741338823699569,0.3375335019948,3.15735566652232,0.247549303978891,0.879,False
436,467,807,Tayassu pecari,Artiodactyla,Tayassuidae,VU,0.740034836898743,0.349607552237404,3.11789315380451,0.244307987797156,0.969,False
437,468,812,Rucervus duvaucelii,Artiodactyla,Cervidae,VU,0.73624197885852,0.288079346844873,3.11191263929957,0.242793856918379,0.991,False
438,469,813,Presbytis frontata,Primates,Cercopithecidae,VU,0.735479161525181,0.515486293940697,3.1791752704201,0.243275771160828,0.766,False
439,470,815,Blastocerus dichotomus,Artiodactyla,Cervidae,VU,0.733518146816314,0.294564171589291,3.09817034140139,0.243320943767257,0.923,False
440,471,817,Pteropus poliocephalus,Chiroptera,Pteropodidae,VU,0.731875939090102,0.499843221371989,3.21918663397449,0.245759954811375,0.794,False
441,472,818,Ammodorcas clarkei,Artiodactyla,Bovidae,VU,0.731617776180693,1.13352567981595,3.10894831467592,0.244803071181706,0.716,False
442,473,828,Crocidura rhoditis,Eulipotyphla,Soricidae,VU,0.725577156459827,0.671355737791142,3.21669026204696,0.243346707133113,0.703,False
443,474,837,Acinonyx jubatus,Carnivora,Felidae,VU,0.718409975843454,0.300123171544403,3.06067106454931,0.242975788672422,0.911,False
444,475,852,Bos gaurus,Artiodactyla,Bovidae,VU,0.710103066853419,0.257244615727771,2.92821677750009,0.245497660209467,0.997,False
445,476,860,Dendrolagus stellarum,Diprotodontia,Macropodidae,VU,0.704515574589768,0.827709188463386,2.97320851700481,0.238829381678611,0.724,False
446,477,875,Hydropotes inermis,Artiodactyla,Cervidae,VU,0.694652494442734,0.3132980182423,2.9275751510979,0.244269261480445,0.946,False
447,478,876,Sicista kazbegica,Rodentia,Sminthidae,VU,0.693919036773048,0.769510921333968,3.08685390594632,0.244659312643113,0.672,False
448,479,880,Pteropus capistratus,Chiroptera,Pteropodidae,VU,0.689836524990981,0.427403888415315,3.05337013512817,0.244810345816329,0.789,False
449,480,881,Onychogalea fraenata,Diprotodontia,Macropodidae,VU,0.688925632656305,0.34303425788692,2.92688535004182,0.241857576997495,0.889,False
450,481,882,Naemorhedus baileyi,Artiodactyla,Bovidae,VU,0.688296169881558,0.261946040564118,2.85739316973516,0.245526990386018,0.994,False
451,482,890,Crocidura telfordi,Eulipotyphla,Soricidae,VU,0.680400288774443,0.599251256958029,2.9629490254202,0.240343304471968,0.725,False
452,483,896,Hoolock leuconedys,Primates,Hylobatidae,VU,0.676482938552431,0.303127407123156,2.8437687895457,0.243354587469274,0.98,False
453,484,906,Eonycteris robusta,Chiroptera,Pteropodidae,VU,0.672363890062262,0.289093724292341,2.80138455932483,0.245814517063555,0.95,False
454,485,910,Crocidura wimmeri,Eulipotyphla,Soricidae,VU,0.670502093319068,0.482472083813565,2.97018890997604,0.240224519122209,0.747,False
455,486,911,Coelops robinsoni,Chiroptera,Hipposideridae,VU,0.670104671441032,0.436614793258281,2.82271635112053,0.245814517063555,0.782,False
456,487,915,Notopteris macdonaldi,Chiroptera,Pteropodidae,VU,0.669292888507441,0.874630776136803,2.94351653723055,0.246197227172228,0.694,False
457,488,929,Crocidura musseri,Eulipotyphla,Soricidae,VU,0.65542367142976,0.513118377524483,2.84082399317344,0.243188963492623,0.737,False
458,489,939,Dendrolagus ursinus,Diprotodontia,Macropodidae,VU,0.649043810816078,0.819601250081412,2.76180250869255,0.242146283639138,0.703,False
459,490,944,Mazama pandora,Artiodactyla,Cervidae,VU,0.645795611463264,0.279704489167586,2.71570986647286,0.243320943767257,0.899,False
460,491,948,Macropus parma,Diprotodontia,Macropodidae,VU,0.641958167267163,0.324623383513188,2.77013539616737,0.241347948143784,0.918,False
461,492,960,Petaurus australis,Diprotodontia,Petauridae,VU,0.634369850794706,0.971915640715488,2.64705720701451,0.238829381678611,0.615,False
462,493,962,Crocidura phuquocensis,Eulipotyphla,Soricidae,VU,0.634252047318737,0.490293244023683,2.73710516226211,0.240793998821969,0.748,False
463,494,966,Trichechus manatus,Sirenia,Trichechidae,VU,0.631083197359329,0.343199307760674,2.66588594567751,0.237565330635895,0.889,False
464,495,970,Eulemur rubriventer,Primates,Lemuridae,VU,0.627785376375391,0.222215166545745,2.62643418443258,0.244060842924806,0.986,False
465,496,984,Dipodomys elator,Rodentia,Heteromyidae,VU,0.623314678591068,0.272025339664412,2.57065395570192,0.243169536588266,0.924,False
466,497,988,Dendromus lachaisei,Rodentia,Nesomyidae,VU,0.62025335133306,0.898079433049494,2.60665111973836,0.240844276539244,0.64,False
467,498,993,Moschus moschiferus,Artiodactyla,Moschidae,VU,0.618225837472727,0.298081040266101,2.6006244521561,0.244060842924806,0.893,False
468,499,997,Melursus ursinus,Carnivora,Ursidae,VU,0.615177436087231,0.231018727126013,2.61231481174784,0.242868777340185,0.987,False
469,500,999,Hipposideros halophyllus,Chiroptera,Hipposideridae,VU,0.614801700516349,0.410490984721255,2.65879182233065,0.245063948457488,0.763,False
470,501,1002,Dendrolagus spadix,Diprotodontia,Macropodidae,VU,0.613352804324708,0.313586888330854,2.6242276544601,0.242146283639138,0.856,False
471,502,1007,Spilocuscus papuensis,Diprotodontia,Phalangeridae,VU,0.607774406938284,0.79114174584177,2.53712660836472,0.240854246184275,0.652,False
472,503,1008,Rhogeessa mira,Chiroptera,Vespertilionidae,VU,0.607595290942701,0.39006153262357,2.55172685927154,0.248342064780044,0.758,False
473,504,1014,Hippocamelus antisensis,Artiodactyla,Cervidae,VU,0.60192755117359,0.281278518917035,2.5681602251913,0.243805285382177,0.858,False
474,505,1023,Acerodon celebensis,Chiroptera,Pteropodidae,VU,0.597509714658765,0.616147126101941,2.54160464567778,0.243451644007014,0.693,False
475,506,1024,Equus zebra,Perissodactyla,Equidae,VU,0.597102597153005,0.251753437123306,2.53887699895988,0.243452033672191,0.882,False
476,507,1032,Tupaia chrysogaster,Scandentia,Tupaiidae,VU,0.593762902848634,0.849488049697763,2.53272071027984,0.244149009477822,0.653,False
477,508,1034,Colobus angolensis,Primates,Cercopithecidae,VU,0.592969024739129,0.250380738991194,2.50503303849579,0.242960452648994,0.939,False
478,509,1036,Pteropus ornatus,Chiroptera,Pteropodidae,VU,0.592194772400292,0.349019213575759,2.52826438424032,0.244810345816329,0.765,False
479,510,1048,Orcaella heinsohni,Artiodactyla,Delphinidae,VU,0.587265887839088,0.227639275758883,2.43894636475282,0.24483614543652,0.959,False
480,511,1057,Macaca nigrescens,Primates,Cercopithecidae,VU,0.579355397532935,0.232796628803589,2.45872173020762,0.242789626474683,0.936,False
481,512,1062,Miopithecus talapoin,Primates,Cercopithecidae,VU,0.575758742036229,0.233686899713625,2.41014785948179,0.244107282596253,0.934,False
482,513,1063,Carpitalpa arendsi,Afrosoricida,Chrysochloridae,VU,0.575666324935246,0.369071021612072,2.44483144969257,0.236477482828949,0.744,False
483,514,1066,Lonchorhina marinkellei,Chiroptera,Phyllostomidae,VU,0.573902371835111,0.899113372211564,2.44644375570612,0.246279587503323,0.617,False
484,515,1073,Amblysomus robustus,Afrosoricida,Chrysochloridae,VU,0.565903054115985,0.561873718787832,2.41960254236699,0.236206362092824,0.659,False
485,516,1075,Nesoryzomys narboroughi,Rodentia,Cricetidae,VU,0.565055913248036,0.201489302920479,2.3912520946782,0.242056540793805,0.956,False
486,517,1086,Pteropus temminckii,Chiroptera,Pteropodidae,VU,0.558008278379746,0.333414374556568,2.39798458069168,0.244554875701307,0.749,False
487,518,1087,Marmosops juninensis,Didelphimorphia,Didelphidae,VU,0.557443333430213,0.844303975637626,2.37633744204044,0.239151652476133,0.614,False
488,519,1091,Nycticebus menagensis,Primates,Lorisidae,VU,0.555669390642156,0.319436159958171,2.32720115017395,0.242782761473633,0.778,False
489,520,1092,Cercocebus atys,Primates,Cercopithecidae,VU,0.554823936628598,0.244354681932677,2.34953295246669,0.244310461480918,0.888,False
490,521,1105,Myotis vivesi,Chiroptera,Vespertilionidae,VU,0.547283304178864,0.244825723219695,2.33675972960499,0.24293833784475,0.823,False
491,522,1108,Maxomys whiteheadi,Rodentia,Muridae,VU,0.542384451931973,0.25732204053214,2.33955396797041,0.243998201655459,0.799,False
492,523,1109,Microcebus tavaratra,Primates,Cheirogaleidae,VU,0.54196224663469,0.248396712525993,2.31182115180114,0.243717515454933,0.801,False
493,524,1119,Sylvisorex camerunensis,Eulipotyphla,Soricidae,VU,0.537813325225521,0.809517105790581,2.34738412839489,0.238481760883011,0.609,False
494,525,1121,Hapalemur griseus,Primates,Lemuridae,VU,0.537441578929387,0.290000579927477,2.24936555548634,0.243543412026614,0.747,False
495,526,1129,Apomys camiguinensis,Rodentia,Muridae,VU,0.53391703941293,0.199739177247964,2.21070006415489,0.247239821125348,0.869,False
496,527,1133,Rattus satarae,Rodentia,Muridae,VU,0.532216101480628,0.643717142260006,2.25032330705424,0.247239821125348,0.564,False
497,528,1134,Cercopithecus lhoesti,Primates,Cercopithecidae,VU,0.531772943046993,0.210585895288802,2.2682014756,0.244149009477822,0.87,False
498,529,1149,Macaca arctoides,Primates,Cercopithecidae,VU,0.521179814506632,0.209429028864406,2.20810088916172,0.243354587469274,0.864,False
499,530,1156,Tragelaphus derbianus,Artiodactyla,Bovidae,VU,0.517862008155319,0.260046424014119,2.13288075167205,0.245262480154485,0.772,False
500,531,1157,Dorcopsis luctuosa,Diprotodontia,Macropodidae,VU,0.517768503946217,0.639529060823951,2.17824536103281,0.241857576997495,0.598,False
501,532,1164,Petrogale lateralis,Diprotodontia,Macropodidae,VU,0.514354222937413,0.241699647590257,2.18954946599268,0.241720971821586,0.764,False
502,533,1171,Komodomys rintjanus,Rodentia,Muridae,VU,0.512409568937057,0.684641376209218,2.09096766652961,0.248483604354063,0.566,False
503,534,1172,Macaca leonina,Primates,Cercopithecidae,VU,0.512031249851061,0.213860392232307,2.13113048244019,0.243470598136701,0.837,False
504,535,1173,Dipodomys stephensi,Rodentia,Heteromyidae,VU,0.509913084102004,0.23532668565154,2.15852458654164,0.244070196455499,0.772,False
505,536,1174,Helarctos malayanus,Carnivora,Ursidae,VU,0.509139358428931,0.193890826082361,2.14314125891133,0.242813383458502,0.862,False
506,537,1175,Callicebus brunneus,Primates,Pitheciidae,VU,0.508537696440886,0.998661289771368,2.22441855254777,0.242741061435803,0.581,False
507,538,1184,Macaca radiata,Primates,Cercopithecidae,VU,0.505567001136331,0.231669557974978,2.15064408843866,0.243470598136701,0.799,False
508,539,1188,Acerodon leucotis,Chiroptera,Pteropodidae,VU,0.504093489508267,0.482869242266418,2.12165633848276,0.242859398620689,0.617,False
509,540,1189,Dipodomys nitratoides,Rodentia,Heteromyidae,VU,0.504071962080506,0.234965256192973,2.16495733102828,0.243062198427907,0.775,False
510,541,1194,Trichechus senegalensis,Sirenia,Trichechidae,VU,0.501297365502405,0.269959230585157,2.09227428000684,0.237565330635895,0.723,False
511,542,1195,Sylvisorex isabellae,Eulipotyphla,Soricidae,VU,0.501207283509992,0.822137263177109,2.08014581614805,0.242845482487743,0.566,False
512,545,1202,Catopuma temminckii,Carnivora,Felidae,VU,0.49881862869278,0.256720472331442,2.09930368711241,0.243098515287213,0.719,False
513,546,1218,Ateles paniscus,Primates,Atelidae,VU,0.493079095278103,0.21828034898849,2.04667478054921,0.244149009477822,0.795,False
514,547,1222,Macaca ochreata,Primates,Cercopithecidae,VU,0.490660950687301,0.198099270195501,2.06097141378184,0.243275771160828,0.795,False
515,548,1224,Nycticebus kayan,Primates,Lorisidae,VU,0.490129034221239,0.446603715880463,2.0046853674547,0.242782761473633,0.586,False
516,549,1242,Hapalemur occidentalis,Primates,Lemuridae,VU,0.482621392684943,0.280601343376927,2.09508111526429,0.243543412026614,0.633,False
517,550,1248,Acerodon mackloti,Chiroptera,Pteropodidae,VU,0.479753204201991,0.445173455653213,2.04180756618153,0.243451644007014,0.605,False
518,551,1250,Tapirus kabomani,Perissodactyla,Tapiridae,VU,0.478731640260726,0.259087106702344,2.00560655647109,0.243918279101649,0.662,False
519,552,1261,Myomimus roachi,Rodentia,Gliridae,VU,0.475486573189797,0.749868632947961,2.03986272039,0.244075979836707,0.55,False
520,553,1263,Panthera uncia,Carnivora,Felidae,VU,0.474733879546904,0.180207206621537,2.01781227374044,0.243797969589155,0.747,False
521,554,1285,Mesocricetus newtoni,Rodentia,Cricetidae,VU,0.467499314337941,0.182428742694961,2.00291468213021,0.238171607880058,0.74,False
522,555,1286,Maxomys pagensis,Rodentia,Muridae,VU,0.466218299681496,0.274500542134554,1.98116792221512,0.243998201655459,0.619,False
523,556,1289,Myosorex sclateri,Eulipotyphla,Soricidae,VU,0.464573937930356,0.276407230636928,2.00669162513612,0.238481760883011,0.628,False
524,557,1292,Tapirus terrestris,Perissodactyla,Tapiridae,VU,0.464206216817243,0.255067831604847,1.95062302425829,0.243797969589155,0.611,False
525,558,1298,Chiropotes albinasus,Primates,Pitheciidae,VU,0.46074562570694,0.232965905409413,1.96566355607525,0.24377404178549,0.64,False
526,559,1301,Urocitellus townsendii,Rodentia,Sciuridae,VU,0.460288794743144,0.195388566012441,1.94357478896928,0.245443717932981,0.697,False
527,560,1306,Sminthopsis butleri,Dasyuromorphia,Dasyuridae,VU,0.458473393026882,0.210946421020484,1.9193935962839,0.24164509364401,0.639,False
528,561,1308,Chlorotalpa duthieae,Afrosoricida,Chrysochloridae,VU,0.457731924576681,0.38645546285764,1.92989262625965,0.237335060129336,0.566,False
529,562,1312,Rhinolophus mehelyi,Chiroptera,Rhinolophidae,VU,0.457061422098025,0.264648714550923,1.94750134932568,0.247318922776503,0.609,False
530,563,1313,Neofelis diardi,Carnivora,Felidae,VU,0.457056971047634,0.207483744695193,1.92397002099313,0.243797969589155,0.636,False
531,564,1314,Maxomys rajah,Rodentia,Muridae,VU,0.456796599071107,0.285994344354406,1.96102758039454,0.244141106943734,0.619,False
532,565,1316,Thylogale brunii,Diprotodontia,Macropodidae,VU,0.455250860250843,0.184816250755686,1.91828193400011,0.241288103249052,0.63,False
533,566,1318,Avahi laniger,Primates,Indriidae,VU,0.454267759849801,0.383201719054157,1.90689196516197,0.242741061435803,0.555,False
534,568,1325,Lepilemur seali,Primates,Lepilemuridae,VU,0.452611377536074,0.401701679463937,1.86235836544001,0.244060842924806,0.545,False
535,569,1329,Otomys occidentalis,Rodentia,Muridae,VU,0.451218078789879,0.201486067273327,1.90083922810092,0.244718055922169,0.658,False
536,570,1331,Tarsius wallacei,Primates,Tarsiidae,VU,0.447525961854575,0.286308950631591,1.84767865111221,0.243430714315617,0.565,False
537,571,1340,Myosorex bururiensis,Eulipotyphla,Soricidae,VU,0.442851658544681,0.636416114989224,1.88224173563642,0.238402484424973,0.524,False
538,572,1341,Pearsonomys annectens,Rodentia,Cricetidae,VU,0.442374807166842,0.199231979447131,1.86444679330095,0.24086631535167,0.616,False
539,573,1354,Myosorex okuensis,Eulipotyphla,Soricidae,VU,0.43957753412549,0.636386349929796,1.89940312113694,0.238481760883011,0.532,False
540,574,1356,Nanger soemmerringii,Artiodactyla,Bovidae,VU,0.439141042529426,0.196137090149409,1.81535356298624,0.245378121525951,0.566,False
541,575,1368,Rhynchocyon udzungwensis,Macroscelidea,Macroscelididae,VU,0.435499502860944,0.335380892154777,1.84635059858442,0.236206362092824,0.55,False
542,576,1376,Myotis grisescens,Chiroptera,Vespertilionidae,VU,0.432601540843289,0.240012529935777,1.84334134234776,0.242124180676618,0.581,False
543,577,1380,Marmota menzbieri,Rodentia,Sciuridae,VU,0.431888147293637,0.194743238127512,1.78576529554348,0.246944056861299,0.53,False
544,578,1386,Phalanger matabiru,Diprotodontia,Phalangeridae,VU,0.429763223986042,0.568525175496069,1.8677547430266,0.24199314567114,0.514,False
545,579,1388,Mesocapromys melanurus,Rodentia,Echimyidae,VU,0.427506898373292,0.188158978178525,1.77690773073417,0.245249101443619,0.535,False
546,580,1393,Spilogale putorius,Carnivora,Mephitidae,VU,0.427082978527044,0.466111181182758,1.79102179059814,0.24063310757307,0.509,False
547,581,1410,Trachypithecus pileatus,Primates,Cercopithecidae,VU,0.420913218776723,0.249083069599293,1.76942076752262,0.243420213849582,0.508,False
548,582,1415,Procolobus verus,Primates,Cercopithecidae,VU,0.420373048567735,0.669301030758003,1.77948258258998,0.243354587469274,0.501,False
549,583,1417,Alouatta guariba,Primates,Atelidae,VU,0.420023440007109,0.328065657653595,1.82157738052425,0.243763605583379,0.548,False
550,584,1430,Octodon bridgesi,Rodentia,Octodontidae,VU,0.417370150479177,0.213766485007221,1.77637089836815,0.243648289087654,0.529,False
551,585,1432,Dryomys niethammeri,Rodentia,Gliridae,VU,0.416910199332865,0.684039449015261,1.78320239964284,0.243623602209081,0.513,False
552,586,1456,Alouatta belzebul,Primates,Atelidae,VU,0.405349023695307,0.346435203046549,1.78098424060924,0.244149009477822,0.513,False
