EDGErank,species,order,family,genus,RLcat,EDGEmed,EDGEiqr,EDmed,EDiqr,pextmed,pextiqr,TBLmn,isEDGEsp,isEDGEsp_frac,n_trees,match,mdd_sciName,extinct,borderline_rank
320,Lepilemur_ahmansonorum,Primates,Lepilemuridae,Lepilemur,CR,1.64339182767816,1.47558436357786,1.73281031646961,1.50473701508691,0.971223385445039,0.0578522363642767,1.06928013492643,0,0.491,1000,synonym:nominalName,Lepilemur_ahmansoni,0.0,1
322,Phyllonycteris_aphylla,Chiroptera,Phyllostomidae,Phyllonycteris,CR,1.63653356949126,0.613498063285165,1.71317656874034,0.636537679771613,0.971712517123078,0.0610250936462573,1.5613620151688,0,0.477,1000,direct,Phyllonycteris_aphylla,0.0,2
324,Lepilemur_ruficaudatus,Primates,Lepilemuridae,Lepilemur,CR,1.62784564740365,0.795137073517908,1.7004238961068,0.817523846795309,0.970705609022416,0.0585962285690224,0.95431491076095,0,0.464,1000,direct,Lepilemur_ruficaudatus,0.0,3
327,Presbytis_potenziani,Primates,Cercopithecidae,Presbytis,CR,1.61699010834987,0.809567633990799,1.7056426425081,0.843464880938508,0.970267930434586,0.0614972325191024,1.46147415077561,0,0.472,1000,direct,Presbytis_potenziani,0.0,4
330,Hipposideros_lamottei,Chiroptera,Hipposideridae,Hipposideros,CR,1.60212296902105,0.85552244560577,1.68360108553953,0.890717129353456,0.971476361332941,0.0618472374039292,1.53110300943244,0,0.469,1000,direct,Hipposideros_lamottei,0.0,5
356,Coleura_seychellensis,Chiroptera,Emballonuridae,Coleura,CR,1.48211953750262,0.969591527482018,1.54780795084706,0.976039434000304,0.972039298406773,0.0574194340200935,1.1132563043849,0,0.392,1000,direct,Coleura_seychellensis,0.0,6
365,Orthogeomys_lanius,Rodentia,Geomyidae,Heterogeomys,CR,1.46585459369827,0.650424200367197,1.5490965271924,0.660880335837835,0.970367613115719,0.0581822216459513,1.49471410400349,0,0.334,1000,synonym:MSW3,Heterogeomys_lanius,0.0,7
367,Canis_rufus,Carnivora,Canidae,Canis,CR,1.4576940524751,0.605894236188856,1.526041337936,0.619979675799085,0.969176528229033,0.064312158646057,0.5295695598223,0,0.313,1000,direct,Canis_rufus,0.0,8
369,Hipposideros_hypophyllus,Chiroptera,Hipposideridae,Hipposideros,CR,1.43738410179062,2.14273847080088,1.51051003255206,2.23678821585139,0.971663747059022,0.0617133586528586,1.8159855456797,0,0.446,1000,direct,Hipposideros_hypophyllus,0.0,9
377,Microcebus_berthae,Primates,Cheirogaleidae,Microcebus,CR,1.39934578674562,0.61818419463267,1.47013417391787,0.654213647611167,0.97112732079161,0.059546579865754,1.32349365470981,0,0.272,1000,direct,Microcebus_berthae,0.0,10
386,Sicista_severtzovi,Rodentia,Sminthidae,Sicista,CR,1.37012083382457,1.94795062305417,1.44725529437639,2.05114654314129,0.971062385276017,0.0572806393624865,2.24911747367747,0,0.415,1000,direct,Sicista_severtzovi,0.0,11
390,Murina_balaensis,Chiroptera,Vespertilionidae,Murina,CR,1.35504285122174,1.83468419112576,1.42994933600199,1.94133171545015,0.970927576393452,0.0606475983861617,1.44159112674469,0,0.411,1000,direct,Murina_balaensis,0.0,12
399,Crocidura_nicobarica,Eulipotyphla,Soricidae,Crocidura,CR,1.32925584774996,1.61449344010038,1.37966083427963,1.71001821254651,0.968830010121846,0.0614690088342623,1.59230162220297,0,0.405,1000,direct,Crocidura_nicobarica,0.0,13
400,Sicista_armenica,Rodentia,Sminthidae,Sicista,CR,1.32322050304025,1.93797839725897,1.38880250784544,2.04014386802544,0.971537259605444,0.0572328938478146,2.20475541244313,0,0.401,1000,direct,Sicista_armenica,0.0,14
401,Phyllomys_unicolor,Rodentia,Echimyidae,Phyllomys,CR,1.31999056630211,1.96457561440916,1.40501846035711,2.02029286643775,0.972077600581772,0.0557006066883972,1.28492011703898,0,0.421,1000,direct,Phyllomys_unicolor,0.0,15
404,Cryptotis_nelsoni,Eulipotyphla,Soricidae,Cryptotis,CR,1.3118643386166,0.968861825920392,1.37589742818699,1.04368257686811,0.970491820931908,0.0598651300725035,1.21185903251931,0,0.308,1000,direct,Cryptotis_nelsoni,0.0,16
420,Cremnomys_elvira,Rodentia,Muridae,Cremnomys,CR,1.26752940235922,1.89820260345446,1.36053625381972,2.0087967590282,0.969811306840204,0.060783428610435,1.838716364223,0,0.393,1000,direct,Cremnomys_elvira,0.0,17
426,Cercocebus_galeritus,Primates,Cercopithecidae,Cercocebus,CR,1.25369611165626,1.51826460500349,1.30697948257629,1.59628855260175,0.971898819132491,0.0618750675853164,1.37881573614325,0,0.355,1000,direct,Cercocebus_galeritus,0.0,18
428,Crocidura_andamanensis,Eulipotyphla,Soricidae,Crocidura,CR,1.24971808887963,1.706061638695,1.30564961275058,1.79623239274685,0.970491820931908,0.0578322422231915,1.53913197508562,0,0.378,1000,direct,Crocidura_andamanensis,0.0,19
432,Presbytis_femoralis,Primates,Cercopithecidae,Presbytis,CR,1.23071085596633,1.31850533479946,1.29186911482953,1.36793307020237,0.970267930434586,0.0617369903915672,1.0209315440854,0,0.35,1000,direct,Presbytis_femoralis,0.0,20
433,Kunsia_fronto,Rodentia,Cricetidae,Gyldenstolpia,CR,1.22838325446903,1.6884899179616,1.28884205211809,1.76444900249706,0.970935414641676,0.0587438305210864,1.53591177924309,0,0.378,1000,synonym:MSW3,Gyldenstolpia_fronto,0.0,21
445,Murina_tenebrosa,Chiroptera,Vespertilionidae,Murina,CR,1.21004550135098,1.66327762844576,1.2686386512573,1.80418288543385,0.970822051897816,0.0604291126449507,1.42085497943797,0,0.372,1000,direct,Murina_tenebrosa,0.0,22
446,Sorex_sclateri,Eulipotyphla,Soricidae,Sorex,CR,1.20975761662345,1.81449803046956,1.27282143009678,1.88221555919474,0.971480630924533,0.0584558817809877,1.69198561798932,0,0.389,1000,direct,Sorex_sclateri,0.0,23
447,Crocidura_harenna,Eulipotyphla,Soricidae,Crocidura,CR,1.2094748278371,1.68206079411092,1.26002635401712,1.75757611793004,0.970141967164831,0.0592864894396913,1.5058392751726,0,0.393,1000,direct,Crocidura_harenna,0.0,24
471,Sorex_stizodon,Eulipotyphla,Soricidae,Sorex,CR,1.1624718098276,1.81790044461655,1.215916662018,1.93657189079563,0.971480630924533,0.0581509017547752,1.6238791950003,0,0.364,1000,direct,Sorex_stizodon,0.0,25
481,Peromyscus_slevini,Rodentia,Cricetidae,Peromyscus,CR,1.13262748326135,1.73310462735078,1.18484957095622,1.80876668508729,0.970568875212049,0.0598298096488484,1.16254026995431,0,0.359,1000,direct,Peromyscus_slevini,0.0,26
488,Uromys_imperator,Rodentia,Muridae,Uromys,CR,1.11408770653379,1.51596769271596,1.16803298380237,1.61181539372035,0.973118110661883,0.0559159067691205,1.04770144093747,0,0.324,1000,direct,Uromys_imperator,0.0,27
490,Crocidura_jenkinsi,Eulipotyphla,Soricidae,Crocidura,CR,1.11084571471368,1.70009421916798,1.17255636333747,1.83864361263759,0.970141967164831,0.0590274975167288,1.45271053623912,0,0.362,1000,direct,Crocidura_jenkinsi,0.0,28
492,Avahi_unicolor,Primates,Indriidae,Avahi,CR,1.10999388548789,1.0848325953174,1.15681474108906,1.15305149042808,0.970027877730228,0.0590308991019128,1.15123199894275,0,0.273,1000,direct,Avahi_unicolor,0.0,29
494,Uromys_emmae,Rodentia,Muridae,Uromys,CR,1.10635740439428,1.40722935660283,1.16264926567096,1.49635522201656,0.972959732882598,0.0559159067691205,1.01233816153782,0,0.318,1000,direct,Uromys_emmae,0.0,30
495,Peromyscus_guardia,Rodentia,Cricetidae,Peromyscus,CR,1.10618352719422,1.58459404458331,1.16770855332101,1.6447071429767,0.970568875212049,0.0595594657467352,1.12695821667117,0,0.347,1000,direct,Peromyscus_guardia,0.0,31
505,Uromys_boeadii,Rodentia,Muridae,Uromys,CR,1.09293774584412,1.40777837458563,1.15624277557483,1.4664742966572,0.972959732882598,0.0560162411001347,1.01112170803415,0,0.319,1000,direct,Uromys_boeadii,0.0,32
516,Peromyscus_bullatus,Rodentia,Cricetidae,Peromyscus,CR,1.07568707435993,1.5298264906399,1.13150900577147,1.61722804607589,0.969841133708602,0.0607433372763255,1.11167278710926,0,0.33,1000,direct,Peromyscus_bullatus,0.0,33
518,Peromyscus_caniceps,Rodentia,Cricetidae,Peromyscus,CR,1.07155781176,1.61888765427956,1.11074089627502,1.72562292419044,0.970076148358227,0.0598357101915948,1.12221425795764,0,0.328,1000,direct,Peromyscus_caniceps,0.0,34
521,Peromyscus_mekisturus,Rodentia,Cricetidae,Peromyscus,CR,1.06949235564889,1.67132941104084,1.11515320705167,1.75127097776297,0.970076148358227,0.0593640482873089,1.09478576804112,0,0.342,1000,direct,Peromyscus_mekisturus,0.0,35
533,Uromys_porculus,Rodentia,Muridae,Uromys,CR,1.05470274897552,1.44249506260995,1.10206724352492,1.46242369148217,0.972959732882598,0.0559159067691205,1.00631222974643,0,0.308,1000,direct,Uromys_porculus,0.0,36
537,Octodon_pacificus,Rodentia,Octodontidae,Octodon,CR,1.05110041811228,1.19309002699366,1.08946336089623,1.29464129783579,0.970803696479436,0.0574130365506465,1.25381934274191,0,0.286,1000,direct,Octodon_pacificus,0.0,37
541,Peromyscus_dickeyi,Rodentia,Cricetidae,Peromyscus,CR,1.04098199097409,1.49811262225506,1.10455791063383,1.58455814004868,0.970306862514629,0.0596433966784758,1.09696493854894,0,0.313,1000,direct,Peromyscus_dickeyi,0.0,38
547,Tylomys_tumbalensis,Rodentia,Cricetidae,Tylomys,CR,1.03275969700959,1.52319140691031,1.09472145677915,1.59081637848942,0.970644253816215,0.0588346338467034,1.2189691754884,0,0.324,1000,direct,Tylomys_tumbalensis,0.0,39
577,Tylomys_bullaris,Rodentia,Cricetidae,Tylomys,CR,0.980270105062028,1.46308015412009,1.04227933835672,1.55274014316973,0.970628530126721,0.059513046014156,1.20341158748214,0,0.303,1000,direct,Tylomys_bullaris,0.0,40
601,Cavia_intermedia,Rodentia,Caviidae,Cavia,CR,0.946889472004963,1.25733217369077,1.00018682273709,1.31584052925346,0.971293105700482,0.0585203105656341,1.50305752396648,0,0.268,1000,direct,Cavia_intermedia,0.0,41
636,Dobsonia_chapmani,Chiroptera,Pteropodidae,Dobsonia,CR,0.916617231974592,1.36412529934978,0.962344337329659,1.4173743112768,0.972014482950201,0.0639362908288214,1.52728437583302,0,0.277,1000,direct,Dobsonia_chapmani,0.0,42
637,Habromys_schmidlyi,Rodentia,Cricetidae,Habromys,CR,0.91628298404659,1.38490757434974,0.970961156305474,1.46335096255118,0.970076148358227,0.0600194149625677,1.00376182827372,0,0.289,1000,direct,Habromys_schmidlyi,0.0,43
638,Dasyprocta_mexicana,Rodentia,Dasyproctidae,Dasyprocta,CR,0.916116491160589,1.23918973594564,0.963272391842049,1.30983153898951,0.971400287179017,0.0599105101775894,1.24904310964201,0,0.256,1000,direct,Dasyprocta_mexicana,0.0,44
657,Meriones_dahli,Rodentia,Muridae,Meriones,CR,0.898043477558275,1.54951186318279,0.938626037574014,1.61979440940981,0.971862881430911,0.0575524387662227,1.33915114049191,0,0.297,1000,direct,Meriones_dahli,0.0,45
665,Lophuromys_eisentrauti,Rodentia,Muridae,Lophuromys,CR,0.889094948217446,1.30241907371932,0.933619302250925,1.35081889180894,0.971380247598402,0.058368777787475,1.22885616344895,0,0.265,1000,direct,Lophuromys_eisentrauti,0.0,46
708,Axis_porcinus,Artiodactyla,Cervidae,Axis,EN,0.852594059110301,0.550722425553415,1.74744186889904,0.783713154003381,0.485860793994186,0.263428946442197,0.36741115616194,0,0.498,1000,direct,Axis_porcinus,0.0,47
716,Procyon_pygmaeus,Carnivora,Procyonidae,Procyon,CR,0.844137086364269,1.7582895102019,0.908517045669927,1.84256501738391,0.968713569823414,0.0685341638452138,1.49595823672141,0,0.307,1000,direct,Procyon_pygmaeus,0.0,48
721,Crateromys_schadenbergi,Rodentia,Muridae,Crateromys,EN,0.839632960089211,0.993121121521066,1.72409309401331,1.81436101174005,0.483947265841738,0.290168618137882,1.19519228648875,0,0.492,1000,direct,Crateromys_schadenbergi,0.0,49
723,Taphozous_hildegardeae,Chiroptera,Emballonuridae,Taphozous,EN,0.839250639106938,0.688883222787203,1.71228353542421,1.20472911406844,0.501131079429359,0.268495611046719,1.59176263510222,0,0.488,1000,direct,Taphozous_hildegardeae,0.0,50
724,Urocitellus_brunneus,Rodentia,Sciuridae,Urocitellus,EN,0.838562411858861,0.483003298803299,1.70705451525539,0.586607829088359,0.497013959182841,0.274924633406939,1.7461898086303,0,0.476,1000,direct,Urocitellus_brunneus,0.0,51
730,Neotoma_nelsoni,Rodentia,Cricetidae,Neotoma,CR,0.828791946993916,1.28414339530392,0.865182539937672,1.36041046310263,0.967589098252418,0.061889530670961,1.16489343616125,0,0.256,1000,direct,Neotoma_nelsoni,0.0,52
734,Crateromys_australis,Rodentia,Muridae,Crateromys,EN,0.827199526678179,0.994400407665564,1.7329850488628,1.93103858088088,0.483947265841738,0.289920752856837,1.16626068978384,0,0.489,1000,direct,Crateromys_australis,0.0,53
735,Lepilemur_ankaranensis,Primates,Lepilemuridae,Lepilemur,EN,0.826708966264811,0.558447646530883,1.68488608500441,0.773668763382846,0.492083655544921,0.286379871905526,1.16290088387045,0,0.455,1000,direct,Lepilemur_ankaranensis,0.0,54
740,Molossops_aequatorianus,Chiroptera,Molossidae,Cabreramops,EN,0.821533287302027,1.1300162410996,1.55452032962719,2.17496154429413,0.501131079429359,0.266488882385042,1.86494930153152,0,0.45,1000,synonym:MSW3,Cabreramops_aequatorianus,0.0,55
742,Crateromys_heaneyi,Rodentia,Muridae,Crateromys,EN,0.819706086153564,0.952808783924016,1.73479229946308,1.82760382511785,0.483947265841738,0.289459953472584,1.15546527756252,0,0.489,1000,direct,Crateromys_heaneyi,0.0,56
743,Spalax_zemni,Rodentia,Spalacidae,Spalax,EN,0.819233965274336,0.555177303783049,1.67118595651522,0.759267020950928,0.496807867947347,0.281948936994488,1.28179671667515,0,0.441,1000,direct,Spalax_zemni,0.0,57
745,Macaca_nemestrina,Primates,Cercopithecidae,Macaca,EN,0.815810277672647,0.481062594614956,1.67970009529391,0.525619200623883,0.488034627054486,0.286687315935043,1.36747109469801,0,0.423,1000,direct,Macaca_nemestrina,0.0,58
747,Lepilemur_mittermeieri,Primates,Lepilemuridae,Lepilemur,EN,0.811435363934354,0.549149000721468,1.68226477031778,0.802876688327746,0.490890241210987,0.285091059945344,0.94934160315317,0,0.463,1000,synonym:nominalName,Lepilemur_dorsalis,0.0,59
748,Macaca_silenus,Primates,Cercopithecidae,Macaca,EN,0.811074041133578,0.469019852282348,1.658991227673,0.547517468238413,0.487816086382669,0.28674615239769,1.14992651093046,0,0.419,1000,direct,Macaca_silenus,0.0,60
750,Marmota_sibirica,Rodentia,Sciuridae,Marmota,EN,0.809588606781651,0.491255231050231,1.62296663685563,0.631195887867864,0.502628324176682,0.274432169596776,1.6507708001449,0,0.401,1000,direct,Marmota_sibirica,0.0,61
756,Moschus_chrysogaster,Artiodactyla,Moschidae,Moschus,EN,0.80455960984946,0.494515560556473,1.65025570720223,0.652930317312167,0.489908869761647,0.264681419958234,1.07948054014435,0,0.408,1000,direct,Moschus_chrysogaster,0.0,62
758,Myonycteris_brachycephala,Chiroptera,Pteropodidae,Myonycteris,EN,0.796766453155225,0.471494626725841,1.6151657260834,0.529387181630673,0.496027161501302,0.297203796296829,1.5938432060236,0,0.356,1000,direct,Myonycteris_brachycephala,0.0,63
761,Spalax_arenarius,Rodentia,Spalacidae,Spalax,EN,0.793169525694851,0.536426904352175,1.66423196834489,0.763083585988913,0.496908883318223,0.282641978418242,1.27014101391697,0,0.438,1000,direct,Spalax_arenarius,0.0,64
764,Prionailurus_planiceps,Carnivora,Felidae,Prionailurus,EN,0.785541948378602,0.630918788046866,1.7401140919472,0.917585438419305,0.488142216751955,0.279481898405428,1.60248709224463,0,0.49,1000,direct,Prionailurus_planiceps,0.0,65
776,Trachypithecus_francoisi,Primates,Cercopithecidae,Trachypithecus,EN,0.768133703777108,0.463730950384889,1.59789601165063,0.518575796112877,0.488034627054486,0.289633358102663,1.40225988290364,0,0.329,1000,direct,Trachypithecus_francoisi,0.0,66
777,Rhinolophus_cognatus,Chiroptera,Rhinolophidae,Rhinolophus,EN,0.767738040790203,0.57135259866736,1.57409934797935,0.840167369848706,0.497897419964513,0.288993798244118,1.49684359398554,0,0.399,1000,direct,Rhinolophus_cognatus,0.0,67
779,Hylobates_muelleri,Primates,Hylobatidae,Hylobates,EN,0.765726247283696,0.452411294482547,1.59208026107777,0.487629576623328,0.489186174539788,0.289564596857985,1.4239944642816,0,0.305,1000,direct,Hylobates_muelleri,0.0,68
780,Peromyscus_winkelmanni,Rodentia,Cricetidae,Peromyscus,EN,0.764819975489922,0.495452405600437,1.63237713421109,0.500158518491951,0.48764864897252,0.282577256888425,1.45150950178035,0,0.379,1000,direct,Peromyscus_winkelmanni,0.0,69
781,Spermophilus_citellus,Rodentia,Sciuridae,Spermophilus,EN,0.763630694847674,0.47361483540194,1.57629432951689,0.709562378078839,0.491705923218939,0.275546603745673,1.51669301655771,0,0.369,1000,direct,Spermophilus_citellus,0.0,70
787,Moschus_fuscus,Artiodactyla,Moschidae,Moschus,EN,0.758397231825561,0.47141179209069,1.53784890623516,0.664151500319323,0.490183656289765,0.265758831085558,0.55829873884205,0,0.338,1000,direct,Moschus_fuscus,0.0,71
790,Hipposideros_demissus,Chiroptera,Hipposideridae,Hipposideros,EN,0.754693703657353,0.524502827143214,1.5842346854783,0.788041209635545,0.49533828142501,0.291651383780057,1.46904062679226,0,0.374,1000,direct,Hipposideros_demissus,0.0,72
794,Gazella_spekei,Artiodactyla,Bovidae,Gazella,EN,0.753444236879903,0.473931970386338,1.54210745554864,0.561387852898843,0.494694578125788,0.273541696091243,1.50654644271202,0,0.297,1000,direct,Gazella_spekei,0.0,73
796,Camelus_ferus,Artiodactyla,Camelidae,Camelus,EN,0.752753969171326,0.803090908613074,1.43644188622433,1.49094305888463,0.489298725607373,0.277058378919812,0.7559246259778,0,0.387,1000,direct,Camelus_ferus,0.0,74
798,Moschus_leucogaster,Artiodactyla,Moschidae,Moschus,EN,0.75234982612591,0.468387859520159,1.53692312371859,0.663588514439345,0.489908869761647,0.265514044698786,0.56070946122596,0,0.334,1000,direct,Moschus_leucogaster,0.0,75
802,Petrogale_coenensis,Diprotodontia,Macropodidae,Petrogale,EN,0.747725885689833,0.952072587993659,1.55088907347498,1.82543333797387,0.482459668558332,0.283684148348842,1.60441291602168,0,0.434,1000,direct,Petrogale_coenensis,0.0,76
816,Pteropus_nitendiensis,Chiroptera,Pteropodidae,Pteropus,EN,0.731965518227427,0.499625562609909,1.48471929160507,0.738960456290352,0.49186204244088,0.288753440989571,1.09345412516467,0,0.323,1000,direct,Pteropus_nitendiensis,0.0,77
822,Cercocebus_sanjei,Primates,Cercopithecidae,Cercocebus,EN,0.728108021585303,0.846116464266004,1.4759768822533,1.50112121559994,0.488034627054486,0.290949383039766,1.38306871370675,0,0.406,1000,direct,Cercocebus_sanjei,0.0,78
826,Paraleptomys_rufilatus,Rodentia,Muridae,Paraleptomys,EN,0.726395383903533,1.06752906178921,1.47236767214594,1.96778431044552,0.501917746447111,0.288069643113138,1.03803571802678,0,0.428,1000,direct,Paraleptomys_rufilatus,0.0,79
827,Equus_ferus,Perissodactyla,Equidae,Equus,EN,0.725683328491835,0.979829533680394,1.44959593548215,1.68315998741143,0.486966444695952,0.277719894491665,0.73930736596894,0,0.393,1000,direct,Equus_ferus,0.0,80
835,Mormopterus_acetabulosus,Chiroptera,Molossidae,Mormopterus,EN,0.719371847225202,1.10790673697619,1.35496167054243,2.05730757564906,0.502422854710614,0.269813005229727,1.76620106964431,0,0.414,1000,direct,Mormopterus_acetabulosus,0.0,81
840,Hadromys_humei,Rodentia,Muridae,Hadromys,EN,0.71633089694997,1.0001272044789,1.49176500128886,1.83600381834806,0.483947265841738,0.289459953472584,0.992202539375398,0,0.415,1000,direct,Hadromys_humei,0.0,82
843,Cryptotis_aroensis,Eulipotyphla,Soricidae,Cryptotis,EN,0.715196270565403,1.08440644486503,1.42870625789304,1.99917396162009,0.487266487211265,0.283103800093952,1.75874246350931,0,0.408,1000,direct,Cryptotis_aroensis,0.0,83
844,Hipposideros_curtus,Chiroptera,Hipposideridae,Hipposideros,EN,0.714578508465215,1.08129034211133,1.45412078560555,2.04351089299983,0.492632157287485,0.293219538075695,1.67161006618388,0,0.426,1000,direct,Hipposideros_curtus,0.0,84
847,Moschus_cupreus,Artiodactyla,Moschidae,Moschus,EN,0.71260885619935,0.669678691404386,1.40787493548862,1.02906590207307,0.490183656289765,0.266061830396787,1.46919215045593,0,0.343,1000,direct,Moschus_cupreus,0.0,85
849,Podogymnura_aureospinula,Eulipotyphla,Erinaceidae,Podogymnura,EN,0.712010538809484,0.847941238658033,1.3971816064807,1.67716007147161,0.496217463674415,0.288090767490838,1.52753629791712,0,0.398,1000,direct,Podogymnura_aureospinula,0.0,86
853,Pteropus_tuberculatus,Chiroptera,Pteropodidae,Pteropus,EN,0.709697631332084,0.493015830722396,1.48829546369433,0.709397390467188,0.492735187929686,0.288753440989571,1.07864081815078,0,0.305,1000,direct,Pteropus_tuberculatus,0.0,87
859,Cryptotis_oreoryctes,Eulipotyphla,Soricidae,Cryptotis,EN,0.705476296960497,1.05936186653824,1.49020634365802,1.95083094047307,0.489462253414256,0.282631035165383,1.84675893073373,0,0.437,1000,direct,Cryptotis_oreoryctes,0.0,88
866,Cryptotis_endersi,Eulipotyphla,Soricidae,Cryptotis,EN,0.699996874192344,1.05951162323983,1.41251709799988,1.92814300132422,0.489995106155579,0.28272159902281,1.65105902195748,0,0.404,1000,direct,Cryptotis_endersi,0.0,89
868,Pteropus_livingstonii,Chiroptera,Pteropodidae,Pteropus,EN,0.698837773337508,0.465402243302842,1.46808437187135,0.670189046932816,0.497076692493722,0.291145672701493,1.15047567359531,0,0.285,1000,direct,Pteropus_livingstonii,0.0,90
869,Ochotona_hoffmanni,Lagomorpha,Ochotonidae,Ochotona,EN,0.696773914619701,0.447646975397921,1.4379638967664,0.567572912977886,0.490340567076978,0.279279262065447,1.44140552389989,0,0.253,1000,direct,Ochotona_hoffmanni,0.0,91
883,Cryptotis_griseoventris,Eulipotyphla,Soricidae,Cryptotis,EN,0.686634593510218,0.961859114454688,1.37029072466118,2.05565258393472,0.489995106155579,0.283278463160205,1.67216906940299,0,0.397,1000,direct,Cryptotis_griseoventris,0.0,92
894,Chalinolobus_neocaledonicus,Chiroptera,Vespertilionidae,Chalinolobus,EN,0.678870647926318,1.11123883773357,1.35893866234672,2.07614126557146,0.497416228974328,0.280182960609094,1.68754474778033,0,0.419,1000,direct,Chalinolobus_neocaledonicus,0.0,93
895,Cryptotis_mera,Eulipotyphla,Soricidae,Cryptotis,EN,0.677223971329993,1.08996471415422,1.40302414481986,1.99276924058517,0.489995106155579,0.282631035165383,1.69470325633354,0,0.403,1000,synonym:MSW3,Cryptotis_merus,0.0,94
897,Batomys_russatus,Rodentia,Muridae,Batomys,EN,0.676243710497444,1.13033641028619,1.40377674301081,2.23148756501269,0.483326770735004,0.288558952583144,1.77671405137646,0,0.424,1000,direct,Batomys_russatus,0.0,95
898,Tadarida_latouchei,Chiroptera,Molossidae,Tadarida,EN,0.67605474072645,1.01640771850943,1.35676239125242,1.90993643941031,0.503271855235629,0.270951644522564,1.7173453844674,0,0.403,1000,direct,Tadarida_latouchei,0.0,96
901,Crocidura_mdumai,Eulipotyphla,Soricidae,Crocidura,EN,0.674809856669001,0.526296382257117,1.43317237370787,0.917379616910118,0.478835414125139,0.28693891625932,1.28546327591623,0,0.312,1000,direct,Crocidura_mdumai,0.0,97
908,Crocidura_orii,Eulipotyphla,Soricidae,Crocidura,EN,0.672147693087889,0.975126971182227,1.34190094455625,1.81656344994234,0.479457057607838,0.284915957217233,1.54911458420625,0,0.383,1000,direct,Crocidura_orii,0.0,98
912,Heteromys_oasicus,Rodentia,Heteromyidae,Heteromys,EN,0.669825383382054,0.908936480782883,1.42146009039853,1.96953026698063,0.483803430232446,0.272746618986683,1.49849598310591,0,0.424,1000,direct,Heteromys_oasicus,0.0,99
913,Paraxerus_vincenti,Rodentia,Sciuridae,Paraxerus,EN,0.669626405210958,1.4307022580066,1.45627635071826,2.60079376303529,0.494385459242632,0.278078844181702,2.21943572987603,0,0.444,1000,direct,Paraxerus_vincenti,0.0,100
926,Uromys_rex,Rodentia,Muridae,Uromys,EN,0.661154083735677,0.963229151494465,1.27980172610449,1.82109245768369,0.50403894657111,0.287595555458994,1.10807986537448,0,0.371,1000,direct,Uromys_rex,0.0,101
936,Hipposideros_sorenseni,Chiroptera,Hipposideridae,Hipposideros,EN,0.652035293631448,1.06872207807752,1.27520656566053,1.9248383932892,0.493608574443862,0.289150702839028,1.6041460192081,0,0.394,1000,direct,Hipposideros_sorenseni,0.0,102
937,Crocidura_raineyi,Eulipotyphla,Soricidae,Crocidura,EN,0.651871443605941,0.958158759122129,1.31864574758642,1.78994224244309,0.479457057607838,0.284189352049051,1.57741001719368,0,0.366,1000,direct,Crocidura_raineyi,0.0,103
947,Crocidura_thomensis,Eulipotyphla,Soricidae,Crocidura,EN,0.642953759974771,0.918076608735123,1.24504003424121,1.808058957047,0.487789885160026,0.282483614864575,1.52852461542194,0,0.375,1000,direct,Crocidura_thomensis,0.0,104
954,Phyllomys_thomasi,Rodentia,Echimyidae,Phyllomys,EN,0.638534326699315,1.09109732969354,1.31071104039756,1.99087577328657,0.49680441263765,0.268889494298363,1.29623422552125,0,0.405,1000,direct,Phyllomys_thomasi,0.0,105
955,Pogonomys_fergussoniensis,Rodentia,Muridae,Pogonomys,EN,0.63817949492705,0.916211103578808,1.19354022109665,1.77842798928553,0.504898030138029,0.284446184106289,1.52122871052468,0,0.373,1000,direct,Pogonomys_fergussoniensis,0.0,106
959,Avahi_meridionalis,Primates,Indriidae,Avahi,EN,0.634763734169996,0.723272239246067,1.25519399496426,1.26456630279669,0.485947565096241,0.287564177354248,1.11651844696136,0,0.32,1000,direct,Avahi_meridionalis,0.0,107
961,Hypsugo_lanzai,Chiroptera,Vespertilionidae,Hypsugo,EN,0.634252400629435,0.779007871871827,1.29884733588636,1.50430038408584,0.496506255189447,0.271671224835411,1.15102598759095,0,0.371,1000,direct,Hypsugo_lanzai,0.0,108
963,Avahi_betsileo,Primates,Indriidae,Avahi,EN,0.63258007739093,0.692913819624857,1.2325722910466,1.21140897855941,0.485156363339929,0.287394266686554,1.17262127501291,0,0.324,1000,direct,Avahi_betsileo,0.0,109
969,Tragelaphus_buxtoni,Artiodactyla,Bovidae,Tragelaphus,EN,0.628081921472532,0.812551783905503,1.27234183816156,1.47112606310416,0.494293984180757,0.265080737050442,1.48015110578955,0,0.349,1000,direct,Tragelaphus_buxtoni,0.0,110
974,Kerivoula_agnella,Chiroptera,Vespertilionidae,Kerivoula,EN,0.626484907494473,0.971414452620214,1.25208344515925,2.01823629319044,0.489138631572289,0.275041880776105,1.65359812677801,0,0.379,1000,direct,Kerivoula_agnella,0.0,111
979,Lonchophylla_bokermanni,Chiroptera,Phyllostomidae,Lonchophylla,EN,0.624496256057188,1.02424244043397,1.23921143956132,2.07336456154056,0.495176663692848,0.292483350164126,1.66484842568021,0,0.374,1000,direct,Lonchophylla_bokermanni,0.0,112
982,Tragulus_nigricans,Artiodactyla,Tragulidae,Tragulus,EN,0.623472086414792,0.947278785925914,1.24849638205889,1.88525241353619,0.490000404918483,0.270819800530022,1.72667533659673,0,0.369,1000,direct,Tragulus_nigricans,0.0,113
985,Crocidura_macowi,Eulipotyphla,Soricidae,Crocidura,EN,0.623254963683621,0.92363648843325,1.27448244755974,1.82393699398235,0.483879000079322,0.283822062586523,1.61448003851118,0,0.38,1000,direct,Crocidura_macowi,0.0,114
986,Mogera_etigo,Eulipotyphla,Talpidae,Mogera,EN,0.622044640622699,0.91808989784872,1.26787791858318,1.74400894893386,0.47739613781312,0.290789861532571,1.52786570148121,0,0.375,1000,direct,Mogera_etigo,0.0,115
989,Avahi_mooreorum,Primates,Indriidae,Avahi,EN,0.619901594595795,0.74429509436605,1.25579344277975,1.41804270420524,0.485156363339929,0.287239292490036,1.19103587069336,0,0.324,1000,direct,Avahi_mooreorum,0.0,116
990,Microcebus_margotmarshae,Primates,Cheirogaleidae,Microcebus,EN,0.619211190133781,0.611667953477055,1.28866012090896,1.07130119798058,0.490183656289765,0.288153579491731,1.0802349895348,0,0.288,1000,direct,Microcebus_margotmarshae,0.0,117
991,Oryzomys_curasoae,Rodentia,Cricetidae,Oryzomys,EN,0.618561605458856,0.711955055992855,1.22234243176714,1.37849364897092,0.482566466455683,0.267050535326899,1.01676571554592,0,0.332,1000,synonym:nominalName,Oryzomys_gorgasi,0.0,118
1006,Macaca_sinica,Primates,Cercopithecidae,Macaca,EN,0.608037511155137,0.589386285777701,1.20143994868021,0.99297771704852,0.484977084836861,0.286392659957927,0.92735505915996,0,0.261,1000,direct,Macaca_sinica,0.0,119
1011,Kerivoula_africana,Chiroptera,Vespertilionidae,Kerivoula,EN,0.604933077676511,0.905144927220864,1.18792079084573,1.82418053038843,0.488687994744999,0.275976191026099,1.54191645669361,0,0.352,1000,direct,Kerivoula_africana,0.0,120
1013,Crocidura_phaeura,Eulipotyphla,Soricidae,Crocidura,EN,0.603264132079054,0.884292830657781,1.24768773853091,1.69931440215264,0.479457057607838,0.284810268670615,1.48455907222231,0,0.356,1000,direct,Crocidura_phaeura,0.0,121
1017,Crocidura_picea,Eulipotyphla,Soricidae,Crocidura,EN,0.60117308906696,0.95121222573351,1.23275076703322,1.70334388300558,0.484480029515677,0.284189352049051,1.473538459785,0,0.362,1000,direct,Crocidura_picea,0.0,122
1022,Lonchophylla_dekeyseri,Chiroptera,Phyllostomidae,Lonchophylla,EN,0.597908134083092,0.97486251481676,1.22805238008397,1.77770477592599,0.495176663692848,0.290696828304013,1.53712989152508,0,0.356,1000,direct,Lonchophylla_dekeyseri,0.0,123
1028,Microcebus_jollyae,Primates,Cheirogaleidae,Microcebus,EN,0.595672542322697,0.650364703560116,1.22792058852241,1.12359387465844,0.491508721079618,0.288153579491731,1.02121213377692,0,0.288,1000,direct,Microcebus_jollyae,0.0,124
1029,Axis_calamianensis,Artiodactyla,Cervidae,Axis,EN,0.595554948179201,0.580812988517921,1.20072575622403,1.05036928316523,0.485961412789215,0.263979963814477,0.923611023094249,0,0.26,1000,direct,Axis_calamianensis,0.0,125
1030,Babyrousa_togeanensis,Artiodactyla,Suidae,Babyrousa,EN,0.59477581194882,0.701341661269287,1.17062603671762,1.27870231433022,0.491024336535873,0.276897790968637,1.30473836730569,0,0.314,1000,direct,Babyrousa_togeanensis,0.0,126
1033,Ochotona_iliensis,Lagomorpha,Ochotonidae,Ochotona,EN,0.593155195609799,0.917025034772769,1.24318707642322,1.81247653470527,0.490340567076978,0.27918114199349,1.75627811341118,0,0.364,1000,direct,Ochotona_iliensis,0.0,127
1041,Crocidura_ansellorum,Eulipotyphla,Soricidae,Crocidura,EN,0.590550814773615,0.888921615416423,1.23294726597822,1.73773537814578,0.484480029515677,0.283411434479596,1.46943318435085,0,0.357,1000,direct,Crocidura_ansellorum,0.0,128
1042,Microcebus_mamiratra,Primates,Cheirogaleidae,Microcebus,EN,0.589424233568144,0.615919751636866,1.21959211376575,1.13850307662822,0.490890241210987,0.288486714893606,0.979624293115955,0,0.289,1000,direct,Microcebus_mamiratra,0.0,129
1054,Crocidura_bottegoides,Eulipotyphla,Soricidae,Crocidura,EN,0.581842536343721,0.939147432964872,1.2125182714581,1.71732982074108,0.481672497261972,0.281634853971215,1.5236599577033,0,0.365,1000,direct,Crocidura_bottegoides,0.0,130
1069,Millardia_kondana,Rodentia,Muridae,Millardia,EN,0.573002288731115,1.01482558504133,1.11131045937888,2.05330291216209,0.484767787313741,0.28700911319604,1.74153091271176,0,0.367,1000,direct,Millardia_kondana,0.0,131
1085,Melogale_everetti,Carnivora,Mustelidae,Melogale,EN,0.559218490118159,1.00727276814002,1.17884499274561,1.99151757579173,0.480497294600884,0.284925642943561,1.70572176905327,0,0.374,1000,direct,Melogale_everetti,0.0,132
1088,Crocidura_tarella,Eulipotyphla,Soricidae,Crocidura,EN,0.557387312279017,0.926006058793592,1.15265186901414,1.76494525061511,0.484747781047495,0.287190716480683,1.43852186004678,0,0.342,1000,direct,Crocidura_tarella,0.0,133
1090,Rhinolophus_hilli,Chiroptera,Rhinolophidae,Rhinolophus,EN,0.556717379327715,0.764647183905031,1.11853310452246,1.52528712191717,0.500253798764943,0.288783181029082,1.37458058028325,0,0.315,1000,direct,Rhinolophus_hilli,0.0,134
1099,Myotis_planiceps,Chiroptera,Vespertilionidae,Myotis,EN,0.551309445377882,0.772577759328555,1.12507646304316,1.4494229992476,0.486437580716684,0.2842404269379,1.3143965047028,0,0.309,1000,direct,Myotis_planiceps,0.0,135
1101,Oryzomys_gorgasi,Rodentia,Cricetidae,Oryzomys,EN,0.550265920547257,0.719021550763625,1.11977173190518,1.40411440495897,0.484043740245677,0.267317491527866,0.928799349752793,0,0.298,1000,direct,Oryzomys_gorgasi,0.0,136
1112,Peromyscus_sejugis,Rodentia,Cricetidae,Peromyscus,EN,0.539719360002893,0.782433939418756,1.05255456699764,1.57997844141577,0.486731325124605,0.283072035043054,1.05319966346752,0,0.311,1000,direct,Peromyscus_sejugis,0.0,137
1118,Rhinolophus_ziama,Chiroptera,Rhinolophidae,Rhinolophus,EN,0.537986257401717,0.740252927557768,1.03448665653982,1.37008647673344,0.497897419964513,0.288338919448669,1.35694919262854,0,0.286,1000,direct,Rhinolophus_ziama,0.0,138
1123,Phyllotis_definitus,Rodentia,Cricetidae,Phyllotis,EN,0.536824253670111,0.772822856951415,1.07264509242342,1.45398560078794,0.48225770977199,0.263128336819753,1.31144501534608,0,0.301,1000,direct,Phyllotis_definitus,0.0,139
1127,Mus_fernandoni,Rodentia,Muridae,Mus,EN,0.534460407848187,0.838857336635352,1.03418562474583,1.63962984532989,0.501176214370965,0.29365979655189,1.34026787418025,0,0.305,1000,direct,Mus_fernandoni,0.0,140
1152,Hapalomys_longicaudatus,Rodentia,Muridae,Hapalomys,EN,0.51944899688523,0.734246326860315,1.01410882147674,1.31745328320981,0.50167031299976,0.287759138567397,1.067843557562,0,0.267,1000,direct,Hapalomys_longicaudatus,0.0,141
1158,Myotis_findleyi,Chiroptera,Vespertilionidae,Myotis,EN,0.516707048865232,0.756042814842746,1.0623667926522,1.5281117847628,0.487299317765028,0.282329405308928,1.28676074588371,0,0.302,1000,direct,Myotis_findleyi,0.0,142
1161,Prosciurillus_rosenbergii,Rodentia,Sciuridae,Prosciurillus,EN,0.515141795724287,0.774765184248613,0.99947132052437,1.55482738090896,0.501016967705638,0.273909851599919,1.29714680873191,0,0.305,1000,direct,Prosciurillus_rosenbergii,0.0,143
1162,Hybomys_basilii,Rodentia,Muridae,Hybomys,EN,0.514486327650032,0.805140727043245,1.07005119229212,1.44165477536462,0.487269663482239,0.288558952583144,1.28422009209472,0,0.295,1000,direct,Hybomys_basilii,0.0,144
1178,Sylvilagus_graysoni,Lagomorpha,Leporidae,Sylvilagus,EN,0.507896208009608,0.825393100196536,1.0363286537393,1.56429683668043,0.489698054250551,0.271922078167866,1.27063227069148,0,0.31,1000,direct,Sylvilagus_graysoni,0.0,145
1181,Lophuromys_chercherensis,Rodentia,Muridae,Lophuromys,EN,0.506917189415586,0.707615120148622,0.990975838206268,1.37496885163176,0.493392193319404,0.286357037408742,1.20192021611027,0,0.263,1000,direct,Lophuromys_chercherensis,0.0,146
1215,Nyctimene_rabori,Chiroptera,Pteropodidae,Nyctimene,EN,0.493300875180182,0.734606576806077,0.9403977218757,1.4126580440202,0.497307899702545,0.294095671605452,1.22899541908964,0,0.278,1000,direct,Nyctimene_rabori,0.0,147
1216,Rhinolophus_montanus,Chiroptera,Rhinolophidae,Rhinolophus,EN,0.493294333317252,0.712158808327767,0.944390126593094,1.31586226349906,0.499113628348124,0.28778391655475,1.2709856610255,0,0.263,1000,direct,Rhinolophus_montanus,0.0,148
1228,Rhinolophus_kahuzi,Chiroptera,Rhinolophidae,Rhinolophus,EN,0.488715989833023,0.773321397473834,1.00600104581736,1.42815710257516,0.498203298807512,0.288128302233633,1.35098641177662,0,0.285,1000,synonym:nominalName,Rhinolophus_ruwenzorii,0.0,149
1233,Ammospermophilus_nelsoni,Rodentia,Sciuridae,Ammospermophilus,EN,0.486971673028747,0.866265104510634,0.946194370729487,1.62574923378498,0.503106106404127,0.274799109402455,1.76961564026239,0,0.292,1000,direct,Ammospermophilus_nelsoni,0.0,150
1236,Rhinolophus_willardi,Chiroptera,Rhinolophidae,Rhinolophus,EN,0.485367336300397,0.693328300103923,0.973665957062563,1.34701060245355,0.501569596728198,0.289642831721397,1.25980443289958,0,0.267,1000,direct,Rhinolophus_willardi,0.0,151
1240,Peromyscus_melanurus,Rodentia,Cricetidae,Peromyscus,EN,0.483705571396057,0.800221732277942,0.948169114115365,1.61056043142688,0.488670182987714,0.287589889763851,0.947525179498242,0,0.308,1000,direct,Peromyscus_melanurus,0.0,152
1255,Rhinolophus_schnitzleri,Chiroptera,Rhinolophidae,Rhinolophus,EN,0.477348858616723,0.717213697962381,1.00497883174825,1.29906996496566,0.501569596728198,0.289449126604459,1.23722809247009,0,0.255,1000,synonym:nominalName,Rhinolophus_rex,0.0,153
1264,Aotus_miconax,Primates,Aotidae,Aotus,EN,0.474036188140599,0.71912475698192,0.950598223707243,1.36028704303665,0.49254840962543,0.289564596857985,1.33186965152695,0,0.277,1000,direct,Aotus_miconax,0.0,154
1265,Rhinolophus_guineensis,Chiroptera,Rhinolophidae,Rhinolophus,EN,0.473063499317728,0.691717529650432,0.928889500502731,1.30348318429165,0.499113628348124,0.28773496486711,1.26152892283457,0,0.26,1000,direct,Rhinolophus_guineensis,0.0,155
1272,Habromys_delicatulus,Rodentia,Cricetidae,Habromys,EN,0.470932961367817,0.86821488814457,0.908753494608191,1.71653498587296,0.486120002136562,0.281248681732042,0.250114092871779,0,0.298,1000,direct,Habromys_delicatulus,0.0,156
1273,Lophuromys_pseudosikapusi,Rodentia,Muridae,Lophuromys,EN,0.470461003701743,0.781455695713366,0.951201584330803,1.46375172076037,0.496807867947347,0.289328853575932,1.25904898831704,0,0.276,1000,direct,Lophuromys_pseudosikapusi,0.0,157
1328,Nyctalus_furvus,Chiroptera,Vespertilionidae,Nyctalus,EN,0.4512922004721,0.794125973154245,0.885136187039925,1.4997968995031,0.495182407499621,0.268134283797591,1.36392418466249,0,0.286,1000,direct,Nyctalus_furvus,0.0,158
1344,Callicebus_modestus,Primates,Pitheciidae,Plecturocebus,EN,0.441475641552445,0.77385496720674,0.900143344572028,1.44011067370169,0.489128016056468,0.287800060067297,1.19653210497676,0,0.27,1000,synonym:MSW3,Plecturocebus_modestus,0.0,159
1407,Thomasomys_rosalinda,Rodentia,Cricetidae,Thomasomys,EN,0.422740523443249,0.666743625630206,0.88430672323401,1.30953319833547,0.486731325124605,0.269022565496525,1.14843214065665,0,0.253,1000,direct,Thomasomys_rosalinda,0.0,160
1431,Hapalemur_meridionalis,Primates,Lemuridae,Hapalemur,VU,0.417349859652108,0.421614436280177,1.69784508939546,1.80167892750855,0.243543412026614,0.0781444240532484,1.05523987861459,0,0.486,1000,direct,Hapalemur_meridionalis,0.0,161
1433,Macaca_tonkeana,Primates,Cercopithecidae,Macaca,VU,0.416631298414619,0.181630443063682,1.74318863364553,0.575345809167369,0.242789626474683,0.0786784327627803,1.64769917970529,0,0.491,1000,direct,Macaca_tonkeana,0.0,162
1441,Panthera_pardus,Carnivora,Felidae,Panthera,VU,0.411095803152853,0.168640252153032,1.70910941555089,0.535068245751448,0.243797969589155,0.0773280609394918,1.6300963392713,0,0.476,1000,direct,Panthera_pardus,0.0,163
1445,Panthera_leo,Carnivora,Felidae,Panthera,VU,0.409891763279127,0.164564957409357,1.70404294750527,0.532943480407881,0.243674501931548,0.077374744172048,1.6300963392713,0,0.479,1000,direct,Panthera_leo,0.0,164
1462,Funambulus_sublineatus,Rodentia,Sciuridae,Funambulus,VU,0.402266078201154,0.637465763376074,1.67775604174239,2.5500387203824,0.246944056861299,0.0751145078690388,2.51863481862724,0,0.48,1000,direct,Funambulus_sublineatus,0.0,165
1465,Neophocaena_phocaenoides,Artiodactyla,Phocoenidae,Neophocaena,VU,0.401887568369851,0.232562813141136,1.65043577141239,0.917791459199591,0.245083745325308,0.0757384442482266,0.19403782578915,0,0.443,1000,direct,Neophocaena_phocaenoides,0.0,166
1468,Microperoryctes_murina,Peramelemorphia,Peramelidae,Microperoryctes,VU,0.401247067675041,0.513599771040883,1.73562129518714,2.18028808980803,0.239487754672894,0.0769316118382307,2.10159856244055,0,0.496,1000,synonym:MSW3,Microperoryctes_murinus,0.0,167
1469,Microcebus_myoxinus,Primates,Cheirogaleidae,Microcebus,VU,0.400708137454465,0.188848895419327,1.67504671187547,0.643645289851397,0.244451580040976,0.0776604036929026,1.34323243451128,0,0.456,1000,direct,Microcebus_myoxinus,0.0,168
1471,Peromyscus_zarhynchus,Rodentia,Cricetidae,Peromyscus,VU,0.400406535270972,0.169525485073429,1.69312372177914,0.465713008721745,0.242056540793805,0.0766262019290384,1.51730405148924,0,0.432,1000,direct,Peromyscus_zarhynchus,0.0,169
1473,Vampyressa_sinchi,Chiroptera,Phyllostomidae,Vampyressa,VU,0.399714289431604,0.485913834627859,1.64040762365054,2.04562097735173,0.244003305664896,0.0770559901837964,1.80633437470048,0,0.474,1000,synonym:nominalName,Vampyressa_melissa,0.0,170
1475,Sigmodon_alleni,Rodentia,Cricetidae,Sigmodon,VU,0.399619296334647,0.170641614924274,1.710757091024,0.557608895957585,0.244686391138802,0.0763597582558672,1.59986436149849,0,0.451,1000,direct,Sigmodon_alleni,0.0,171
1478,Notiosorex_villai,Eulipotyphla,Soricidae,Notiosorex,VU,0.399202368578354,0.708908501265161,1.6887500056185,2.93946100063783,0.246291871791583,0.0772643332263351,2.65395954357347,0,0.487,1000,direct,Notiosorex_villai,0.0,172
1479,Microperoryctes_aplini,Peramelemorphia,Peramelidae,Microperoryctes,VU,0.398755620045366,0.573289416939346,1.75477217314473,2.33659118388579,0.239487754672894,0.0769316118382307,2.1933000878687,0,0.497,1000,direct,Microperoryctes_aplini,0.0,173
1490,Myotis_dominicensis,Chiroptera,Vespertilionidae,Myotis,VU,0.396252572814177,0.203118576117043,1.6823190609501,0.73671619476391,0.242124180676618,0.0779750035368249,1.62819204180724,0,0.453,1000,direct,Myotis_dominicensis,0.0,174
1495,Hybomys_lunaris,Rodentia,Muridae,Hybomys,VU,0.395189377155863,0.576713232653675,1.67109294521373,2.55735296870683,0.243190083530075,0.0785911547461652,1.71595861602687,0,0.491,1000,direct,Hybomys_lunaris,0.0,175
1500,Pteropus_voeltzkowi,Chiroptera,Pteropodidae,Pteropus,VU,0.393544048073622,0.230489810663627,1.67120142495034,0.820064450616354,0.24601531831274,0.0797474665229742,1.1225289460459,0,0.442,1000,direct,Pteropus_voeltzkowi,0.0,176
1501,Funambulus_layardi,Rodentia,Sciuridae,Funambulus,VU,0.393225159591603,0.667590735701581,1.63919025196197,2.86872284739321,0.246628450561143,0.0752545793731115,2.5908733669886,0,0.487,1000,direct,Funambulus_layardi,0.0,177
1504,Tarsius_dentatus,Primates,Tarsiidae,Tarsius,VU,0.392038651336596,0.285263802477976,1.63140435542743,1.04002555215288,0.243430714315617,0.078054076152846,1.03444574920116,0,0.432,1000,direct,Tarsius_dentatus,0.0,178
1505,Akodon_surdus,Rodentia,Cricetidae,Akodon,VU,0.391361567858316,0.691641648579238,1.58822852706307,2.83025964240995,0.244116649435445,0.0750406054857549,1.88532241449904,0,0.477,1000,direct,Akodon_surdus,0.0,179
1511,Coendou_speratus,Rodentia,Erethizontidae,Coendou,VU,0.390139487626508,0.220997128951171,1.6849555584568,0.872496930664975,0.244426583364077,0.0748106551753415,1.40484123636979,0,0.454,1000,direct,Coendou_speratus,0.0,180
1522,Ursus_thibetanus,Carnivora,Ursidae,Ursus,VU,0.387275856522634,0.163178914033666,1.65544851365358,0.545571606540469,0.242813383458502,0.0798539052346878,1.6733675934233,0,0.428,1000,direct,Ursus_thibetanus,0.0,181
1523,Aepeomys_reigi,Rodentia,Cricetidae,Aepeomys,VU,0.386998848400054,0.550717537845259,1.64158466046657,2.19302408511409,0.242233991135324,0.0750287227498265,1.94945045790175,0,0.468,1000,direct,Aepeomys_reigi,0.0,182
1524,Cebus_capucinus,Primates,Cebidae,Cebus,VU,0.386957471939526,0.191467674310237,1.60985345377928,0.616539334558565,0.24497132155228,0.0786654510634579,1.33194471060871,0,0.384,1000,direct,Cebus_capucinus,0.0,183
1526,Nesoryzomys_fernandinae,Rodentia,Cricetidae,Nesoryzomys,VU,0.386366226769512,0.169004206598834,1.63865842483566,0.606763587675224,0.242193826954269,0.0753198275933634,1.06214589528239,0,0.386,1000,direct,Nesoryzomys_fernandinae,0.0,184
1547,Bullimus_gamay,Rodentia,Muridae,Bullimus,VU,0.38055527163618,0.140467873668139,1.56849595523772,0.433668457388548,0.247309300342616,0.0758801579749573,1.5722895783657,0,0.3,1000,direct,Bullimus_gamay,0.0,185
1552,Nesoryzomys_swarthi,Rodentia,Cricetidae,Nesoryzomys,VU,0.379750769926522,0.168866414862926,1.62699878724408,0.608140246593472,0.242056540793805,0.075266199613191,1.03864787296309,0,0.393,1000,direct,Nesoryzomys_swarthi,0.0,186
1565,Genetta_cristata,Carnivora,Viverridae,Genetta,VU,0.375222284364493,0.176445691733708,1.60399974363392,0.635641733504851,0.243952759459889,0.077986451837472,1.56828886167547,0,0.378,1000,direct,Genetta_cristata,0.0,187
1566,Pseudochirulus_schlegeli,Diprotodontia,Pseudocheiridae,Pseudochirulus,VU,0.374838070813888,0.546777829496573,1.65011581176656,2.21706336320003,0.23861971544081,0.0787261701105962,2.33931259174771,0,0.471,1000,synonym:MSW3,Pseudochirulus_schlegelii,0.0,188
1567,Babyrousa_celebensis,Artiodactyla,Suidae,Babyrousa,VU,0.373751651209426,0.186222352979388,1.55610634220984,0.692990137551912,0.244647472992592,0.0774138700074152,0.97246333804319,0,0.349,1000,direct,Babyrousa_celebensis,0.0,189
1568,Macaca_hecki,Primates,Cercopithecidae,Macaca,VU,0.373198298532694,0.168916193633076,1.57066708567516,0.537650085838963,0.242789626474683,0.0786784327627803,1.33157377097565,0,0.328,1000,direct,Macaca_hecki,0.0,190
1571,Mustela_felipei,Carnivora,Mustelidae,Neogale,VU,0.372728650953175,0.179987317515508,1.59838431110306,0.644664498102471,0.241667214588174,0.0803121394963416,1.55807451405127,0,0.369,1000,synonym:MSW3,Neogale_felipei,0.0,191
1574,Lutrogale_perspicillata,Carnivora,Mustelidae,Lutra,VU,0.372239191920095,0.189107930453363,1.58631445645881,0.642472922920444,0.242813383458502,0.0794827693146014,1.30006956949355,0,0.347,1000,synonym:MSW3,Lutra_perspicillata,0.0,192
1580,Trachypithecus_cristatus,Primates,Cercopithecidae,Trachypithecus,VU,0.370027460743629,0.174185966667869,1.57003876696129,0.5629469538043,0.243763605583379,0.0793383692492493,1.39610949525494,0,0.335,1000,direct,Trachypithecus_cristatus,0.0,193
1587,Babyrousa_babyrussa,Artiodactyla,Suidae,Babyrousa,VU,0.368161141778821,0.19040901564979,1.56134979388615,0.651006077271385,0.244647472992592,0.0774039613487582,0.9712100495149,0,0.342,1000,direct,Babyrousa_babyrussa,0.0,194
1595,Cercopithecus_erythrotis,Primates,Cercopithecidae,Cercopithecus,VU,0.365524842008816,0.15653718545716,1.55911539907133,0.519176124823782,0.244149009477822,0.078740611357361,1.51211967599418,0,0.296,1000,direct,Cercopithecus_erythrotis,0.0,195
1596,Dendrolagus_inustus,Diprotodontia,Macropodidae,Dendrolagus,VU,0.364814420364824,0.290665553796643,1.56733688607104,1.1697946506945,0.241857576997495,0.0788013671383285,1.42003751949564,0,0.425,1000,direct,Dendrolagus_inustus,0.0,196
1604,Aonyx_cinerea,Carnivora,Mustelidae,Lutra,VU,0.363851052175476,0.19206405010067,1.58066327092192,0.687009446624871,0.242813383458502,0.0795804324722369,1.25979126045089,0,0.348,1000,synonym:MSW3,Lutra_cinerea,0.0,197
1616,Eliomys_quercinus,Rodentia,Gliridae,Eliomys,VU,0.360502031773427,0.273182687631493,1.51736528023807,1.05313464855021,0.244107282596253,0.0750848777013778,1.44490231014088,0,0.389,1000,direct,Eliomys_quercinus,0.0,198
1620,Cryptotis_magna,Eulipotyphla,Soricidae,Cryptotis,VU,0.359978733405676,0.295434623220755,1.54379672477299,1.19237678012721,0.243405520223856,0.0767906581327975,1.16623043713783,0,0.398,1000,synonym:MSW3,Cryptotis_magnus,0.0,199
1631,Myotis_pilosus,Chiroptera,Vespertilionidae,Myotis,VU,0.357001800201224,0.214287409832996,1.50831483388447,0.802499049724369,0.243769251416132,0.0777968003749688,1.47015199603528,0,0.357,1000,direct,Myotis_pilosus,0.0,200
1634,Presbytis_rubicunda,Primates,Cercopithecidae,Presbytis,VU,0.35687713520743,0.202374987743524,1.49803928641692,0.746403065994571,0.243156396710028,0.0786879533381463,1.26399330550437,0,0.318,1000,direct,Presbytis_rubicunda,0.0,201
1640,Presbytis_hosei,Primates,Cercopithecidae,Presbytis,VU,0.354216235657967,0.366315179272624,1.48359677246311,1.56617413679897,0.243156396710028,0.0785906833976452,1.08383391710337,0,0.402,1000,direct,Presbytis_hosei,0.0,202
1647,Chalinolobus_dwyeri,Chiroptera,Vespertilionidae,Chalinolobus,VU,0.351641707032852,0.585730192325949,1.44885414655926,2.42791013490596,0.245189542310155,0.0761687326856367,1.86301981559396,0,0.439,1000,direct,Chalinolobus_dwyeri,0.0,203
1650,Pseudomys_australis,Rodentia,Muridae,Pseudomys,VU,0.350411605836235,0.468950557775567,1.41721879008752,2.06520395544355,0.247209872626704,0.0780468390300371,1.46144524590146,0,0.434,1000,direct,Pseudomys_australis,0.0,204
1653,Echiothrix_centrosa,Rodentia,Muridae,Echiothrix,VU,0.3497080947643,0.429314146715379,1.41898889760243,1.68082404160283,0.247097726439702,0.0758714442653174,1.12563861485635,0,0.404,1000,direct,Echiothrix_centrosa,0.0,205
1654,Petrogale_sharmani,Diprotodontia,Macropodidae,Petrogale,VU,0.349606968326333,0.444391940904577,1.47422997929229,1.97637553305539,0.241720971821586,0.0786477111760381,1.54489045222598,0,0.425,1000,direct,Petrogale_sharmani,0.0,206
1655,Pteropus_anetianus,Chiroptera,Pteropodidae,Pteropus,VU,0.349286644330292,0.195277888040476,1.50026583050289,0.645112680761877,0.244554875701307,0.0787891225822305,1.30460682529132,0,0.295,1000,direct,Pteropus_anetianus,0.0,207
1663,Mogera_uchidai,Eulipotyphla,Talpidae,Mogera,VU,0.348043356274512,0.479628268168649,1.49702643163331,2.07212142319106,0.239923051103132,0.0793464107313241,1.66940191003888,0,0.427,1000,direct,Mogera_uchidai,0.0,208
1666,Cryptotis_phillipsii,Eulipotyphla,Soricidae,Cryptotis,VU,0.34788830644272,0.288696672295943,1.50983851099293,1.13804612696742,0.243188963492623,0.0767334814500412,1.16879094810596,0,0.369,1000,direct,Cryptotis_phillipsii,0.0,209
1671,Hipposideros_orbiculus,Chiroptera,Hipposideridae,Hipposideros,VU,0.347281148588145,0.524975537926713,1.47849427492784,2.04146273398192,0.245814517063555,0.0792655180357916,1.70853212362131,0,0.423,1000,direct,Hipposideros_orbiculus,0.0,210
1678,Punomys_lemminus,Rodentia,Cricetidae,Punomys,VU,0.343782492920548,0.339149809021479,1.43934484551201,1.35403272685147,0.240876811501169,0.0753060555653542,1.33409227945157,0,0.39,1000,direct,Punomys_lemminus,0.0,211
1679,Alouatta_palliata,Primates,Atelidae,Alouatta,VU,0.343584249374574,0.296105617297032,1.46898597807419,1.15720258776816,0.244098933478614,0.0780910382567362,1.10726356551136,0,0.358,1000,direct,Alouatta_palliata,0.0,212
1683,Hipposideros_inornatus,Chiroptera,Hipposideridae,Hipposideros,VU,0.342768178410881,0.482465236681878,1.4281168661266,2.07424640860165,0.245280594234777,0.0793396324705927,1.78761774378805,0,0.427,1000,direct,Hipposideros_inornatus,0.0,213
1684,Echiothrix_leucura,Rodentia,Muridae,Echiothrix,VU,0.342753465347239,0.440011328358064,1.434357638151,1.75002644950983,0.24715205173504,0.0757559063352341,1.12563861485635,0,0.402,1000,direct,Echiothrix_leucura,0.0,214
1685,Presbytis_natunae,Primates,Cercopithecidae,Presbytis,VU,0.342510963049898,0.37582397184714,1.43875323434185,1.55358974305322,0.243156396710028,0.0787082816831767,1.0346103238004,0,0.39,1000,direct,Presbytis_natunae,0.0,215
1689,Heteromys_teleus,Rodentia,Heteromyidae,Heteromys,VU,0.341235740777136,0.44707522758044,1.46585299388523,1.84358934890808,0.241451293679708,0.0750705857725964,1.41986881107982,0,0.424,1000,direct,Heteromys_teleus,0.0,216
1691,Cryptotis_meridensis,Eulipotyphla,Soricidae,Cryptotis,VU,0.340441438597655,0.497256767352308,1.46612457610793,2.04990849377405,0.243582212092181,0.0769542366765204,1.74585378412275,0,0.424,1000,direct,Cryptotis_meridensis,0.0,217
1694,Eptesicus_japonensis,Chiroptera,Vespertilionidae,Cnephaeus,VU,0.33972177449067,0.532329196588483,1.43543891322369,2.1614602869511,0.246200807888503,0.0734505837052986,1.79751303415578,0,0.431,1000,synonym:MSW3,Cnephaeus_japonensis,0.0,218
1695,Hipposideros_durgadasi,Chiroptera,Hipposideridae,Hipposideros,VU,0.339608066274956,0.466741684897735,1.40064489420687,1.97360036777555,0.245563089925484,0.0783229914130113,1.6769010486284,0,0.414,1000,direct,Hipposideros_durgadasi,0.0,219
1701,Arielulus_cuprosus,Chiroptera,Vespertilionidae,Arielulus,VU,0.337161052423634,0.554433074566361,1.38473682992268,2.23371197086465,0.245224206144522,0.0749312838220562,1.84596496713794,0,0.418,1000,direct,Arielulus_cuprosus,0.0,220
1712,Pithecheir_melanurus,Rodentia,Muridae,Pithecheir,VU,0.333717843250553,0.497426396017311,1.3619092310389,2.07732251554179,0.247309300342616,0.0759742966075629,1.07791030352832,0,0.422,1000,direct,Pithecheir_melanurus,0.0,221
1714,Cebuella_pygmaea,Primates,Callitrichidae,Cebuella,VU,0.333485381243018,0.387518970113201,1.40613375349598,1.61861379522466,0.24573085613227,0.0775671667411154,1.34219583386194,0,0.403,1000,direct,Cebuella_pygmaea,0.0,222
1723,Hipposideros_edwardshilli,Chiroptera,Hipposideridae,Hipposideros,VU,0.330240262644888,0.479582851253357,1.39361777448956,1.98934767932053,0.245814517063555,0.0782452374282246,1.60773328900065,0,0.41,1000,direct,Hipposideros_edwardshilli,0.0,223
1728,Hipposideros_stenotis,Chiroptera,Hipposideridae,Hipposideros,VU,0.329575127863599,0.475165638578523,1.36279818167802,1.97919780876958,0.245814517063555,0.0802613230586521,1.66805550283322,0,0.414,1000,direct,Hipposideros_stenotis,0.0,224
1729,Avahi_ramanantsoavanai,Primates,Indriidae,Avahi,VU,0.32955285831136,0.34027281241618,1.33808914243406,1.36267838463888,0.242789626474683,0.0776418321953207,1.13836185730905,0,0.355,1000,synonym:nominalName,Avahi_ramanantsoavani,0.0,225
1745,Pseudomys_fumeus,Rodentia,Muridae,Pseudomys,VU,0.325825607861231,0.480554958174704,1.30510552467702,2.0126737683837,0.247097726439702,0.0779828292303666,1.42962302568394,0,0.404,1000,direct,Pseudomys_fumeus,0.0,226
1751,Avahi_occidentalis,Primates,Indriidae,Avahi,VU,0.324050619339006,0.31607779994179,1.36352740973225,1.26771450489959,0.242548060540865,0.0773955026134765,0.613318439288376,0,0.367,1000,direct,Avahi_occidentalis,0.0,227
1753,Kerivoula_flora,Chiroptera,Vespertilionidae,Kerivoula,VU,0.323818980076888,0.471777307589297,1.36776040255535,1.88119327654904,0.243815279424788,0.0761167009463502,1.64608726296417,0,0.396,1000,direct,Kerivoula_flora,0.0,228
1764,Mormopterus_minutus,Chiroptera,Molossidae,Mormopterus,VU,0.319975327497165,0.538110378757785,1.34151841284528,2.18993331725081,0.24796070971002,0.0726878121021116,1.8251721069914,0,0.411,1000,direct,Mormopterus_minutus,0.0,229
1767,Lasiurus_minor,Chiroptera,Vespertilionidae,Lasiurus,VU,0.319558003996551,0.480367607904502,1.35752171200937,1.95105120171759,0.24645999197748,0.0731235025657618,1.68217119297521,0,0.401,1000,direct,Lasiurus_minor,0.0,230
1775,Lasiurus_degelidus,Chiroptera,Vespertilionidae,Lasiurus,VU,0.31828195266677,0.486373588252406,1.31427117899999,1.99927430630853,0.246200807888503,0.0734505837052986,1.65254086023248,0,0.39,1000,direct,Lasiurus_degelidus,0.0,231
1782,Avahi_peyrierasi,Primates,Indriidae,Avahi,VU,0.316262279213854,0.351234612548675,1.30651479631466,1.45515719960167,0.242789626474683,0.0775479329796563,1.16341996359648,0,0.372,1000,direct,Avahi_peyrierasi,0.0,232
1785,Thomasomys_andersoni,Rodentia,Cricetidae,Thomasomys,VU,0.315487071579793,0.490410521660846,1.28476790960179,2.16613874035777,0.243027441156682,0.0753730196593984,1.49553055718945,0,0.415,1000,direct,Thomasomys_andersoni,0.0,233
1788,Mormopterus_phrudus,Chiroptera,Molossidae,Mormopterus,VU,0.314852854740195,0.515451551514253,1.30449728498236,2.03046049031721,0.247838743363773,0.0719653273094549,1.79380067909866,0,0.406,1000,direct,Mormopterus_phrudus,0.0,234
1792,Crocidura_hispida,Eulipotyphla,Soricidae,Crocidura,VU,0.314064147740753,0.46043291573724,1.32440335712893,1.87158432273575,0.240344351687238,0.0775824013175854,1.60026849828028,0,0.385,1000,direct,Crocidura_hispida,0.0,235
1815,Microcebus_arnholdi,Primates,Cheirogaleidae,Microcebus,VU,0.309868207200274,0.301788200265194,1.28519377625016,1.15178754725455,0.244060842924806,0.0779438453899745,1.05332544459394,0,0.299,1000,direct,Microcebus_arnholdi,0.0,236
1833,Crocidura_lanosa,Eulipotyphla,Soricidae,Crocidura,VU,0.306939154605551,0.429540219392445,1.28373200634669,1.75795260462959,0.243026381514641,0.0777331957489209,1.51464386590572,0,0.376,1000,direct,Crocidura_lanosa,0.0,237
1840,Crocidura_desperata,Eulipotyphla,Soricidae,Crocidura,VU,0.306160169582677,0.420425876101299,1.26861313926531,1.83762493943705,0.241975727401795,0.0773430139415599,1.60362853276658,0,0.358,1000,direct,Crocidura_desperata,0.0,238
1842,Kerivoula_myrella,Chiroptera,Vespertilionidae,Kerivoula,VU,0.305979852989301,0.473561184507219,1.30686448748548,1.90303269239979,0.243815279424788,0.0756252658575792,1.68352156433092,0,0.403,1000,direct,Kerivoula_myrella,0.0,239
1843,Mazama_chunyi,Artiodactyla,Cervidae,Subulo,VU,0.305782325245002,0.315152518795212,1.26056534338526,1.18962577653553,0.243805285382177,0.0724477968501058,1.15697377660979,0,0.298,1000,synonym:MSW3,Subulo_chunyi,0.0,240
1845,Lasiurus_insularis,Chiroptera,Vespertilionidae,Lasiurus,VU,0.305059081240832,0.488824872803456,1.28707933937875,2.03622224362119,0.246276546227442,0.0732509643848139,1.68484572838403,0,0.39,1000,direct,Lasiurus_insularis,0.0,241
1846,Crocidura_eisentrauti,Eulipotyphla,Soricidae,Crocidura,VU,0.304919089808453,0.411105732963153,1.29654381503611,1.71518542167038,0.240154443668652,0.0777498492362648,1.57470550861226,0,0.384,1000,direct,Crocidura_eisentrauti,0.0,242
1877,Crocidura_lucina,Eulipotyphla,Soricidae,Crocidura,VU,0.299293250431407,0.458101198066407,1.21491549978563,1.88075377892428,0.242059681571182,0.0771989309317871,1.55247654394954,0,0.375,1000,direct,Crocidura_lucina,0.0,243
1889,Desmomys_yaldeni,Rodentia,Muridae,Desmomys,VU,0.297407616473492,0.428673686864571,1.249923156733,1.74218454109957,0.243126933960429,0.0786905692603136,1.56195030672767,0,0.376,1000,direct,Desmomys_yaldeni,0.0,244
1918,Microcebus_danfossi,Primates,Cheirogaleidae,Microcebus,VU,0.292252779635151,0.28007484832694,1.2292294418551,1.08788484036713,0.243116587348029,0.0776818530347771,0.98376004851478,0,0.287,1000,direct,Microcebus_danfossi,0.0,245
1921,Crocidura_usambarae,Eulipotyphla,Soricidae,Crocidura,VU,0.291734765430982,0.437196065772137,1.1945914470833,1.80351669051085,0.243188963492623,0.076294319110566,1.56402744827592,0,0.357,1000,direct,Crocidura_usambarae,0.0,246
1944,Maxomys_wattsi,Rodentia,Muridae,Crunomys,VU,0.287417622095007,0.405045916050816,1.21164536267911,1.57481971774362,0.244141106943734,0.0778614653889753,1.39354632320117,0,0.353,1000,synonym:MSW3,Crunomys_wattsi,0.0,247
1961,Maxomys_inflatus,Rodentia,Muridae,Crunomys,VU,0.284414917021605,0.390224432199588,1.19642274335367,1.59653662123204,0.243896813322271,0.0778614653889753,1.43278025402202,0,0.35,1000,synonym:MSW3,Crunomys_inflatus,0.0,248
1963,Crocidura_manengubae,Eulipotyphla,Soricidae,Crocidura,VU,0.284264259507868,0.400944875293343,1.22354423336075,1.67967440242425,0.240601479377669,0.0774734685866398,1.40073341771465,0,0.34,1000,direct,Crocidura_manengubae,0.0,249
1982,Sorex_macrodon,Eulipotyphla,Soricidae,Sorex,VU,0.281481288967162,0.419225917057955,1.16041879579032,1.68560327221786,0.245731861732768,0.0761730552405622,1.64561744511036,0,0.352,1000,direct,Sorex_macrodon,0.0,250
1993,Callosciurus_melanogaster,Rodentia,Sciuridae,Callosciurus,VU,0.279116205542852,0.425203993125412,1.22631813691159,1.81851114983501,0.247194177680159,0.0749819960161056,1.66588963450815,0,0.354,1000,direct,Callosciurus_melanogaster,0.0,251
1999,Mazama_rufina,Artiodactyla,Cervidae,Andinocervus,VU,0.278310108728919,0.329377124448661,1.16798222256833,1.3049933771707,0.243195860374204,0.0726035957914777,0.56890989458782,0,0.298,1000,synonym:MSW3,Andinocervus_rufinus,0.0,252
2000,Rhogeessa_minutilla,Chiroptera,Vespertilionidae,Rhogeessa,VU,0.278039395438022,0.399693415749958,1.16365187918511,1.59199382096099,0.248207884338546,0.0733505040147282,1.31730733204926,0,0.334,1000,direct,Rhogeessa_minutilla,0.0,253
2006,Sigmodon_inopinatus,Rodentia,Cricetidae,Sigmodon,VU,0.276978330917742,0.367166281670944,1.17797587482922,1.5251436425526,0.24378494367206,0.0764796000852063,1.49075056455259,0,0.326,1000,direct,Sigmodon_inopinatus,0.0,254
2047,Chiropodomys_karlkoopmani,Rodentia,Muridae,Chiropodomys,VU,0.271724865843926,0.453748074651825,1.13803216947405,1.92392151848448,0.247209872626704,0.0788082751697904,1.54233615269551,0,0.347,1000,direct,Chiropodomys_karlkoopmani,0.0,255
2070,Spilogale_pygmaea,Carnivora,Mephitidae,Spilogale,VU,0.269316160017694,0.35778276840287,1.13065413881342,1.43882861670497,0.241115813930247,0.0796937926776168,1.34996921126619,0,0.318,1000,direct,Spilogale_pygmaea,0.0,256
2101,Margaretamys_elegans,Rodentia,Muridae,Margaretamys,VU,0.264536710442364,0.381071907170938,1.07963058949076,1.54404671913845,0.247498706335,0.0762814822972317,1.26141427642206,0,0.311,1000,direct,Margaretamys_elegans,0.0,257
2107,Sylvilagus_dicei,Lagomorpha,Leporidae,Sylvilagus,VU,0.264212966992474,0.385259498982134,1.13187308409718,1.64987386391392,0.243420213849582,0.0755976427386336,1.31558593459369,0,0.325,1000,direct,Sylvilagus_dicei,0.0,258
2117,Margaretamys_christinae,Rodentia,Muridae,Margaretamys,VU,0.263490727147845,0.395579775807177,1.11820219515409,1.62287500888928,0.247498706335,0.0762814822972317,1.32865951532462,0,0.326,1000,direct,Margaretamys_christinae,0.0,259
2140,Zyzomys_maini,Rodentia,Muridae,Zyzomys,VU,0.260510362306143,0.369837811418722,1.09042318440045,1.45067285191111,0.247209872626704,0.0778917901484918,0.96940552051488,0,0.299,1000,direct,Zyzomys_maini,0.0,260
2146,Mesembriomys_gouldii,Rodentia,Muridae,Mesembriomys,VU,0.259581766150016,0.29238842251312,1.03783375725498,1.18620968282021,0.247549303978891,0.0770690200138591,1.02258837510881,0,0.276,1000,direct,Mesembriomys_gouldii,0.0,261
2172,Rhinolophus_madurensis,Chiroptera,Rhinolophidae,Rhinolophus,VU,0.256614235889752,0.358719124927451,1.04115315462301,1.44450952081369,0.247147413620083,0.077259405934543,1.38241902103027,0,0.291,1000,direct,Rhinolophus_madurensis,0.0,262
2181,Rhinolophus_hillorum,Chiroptera,Rhinolophidae,Rhinolophus,VU,0.254957611462206,0.369124215100528,1.07340661923353,1.49822070186909,0.246378321381226,0.0775037664337401,1.39180720641037,0,0.313,1000,direct,Rhinolophus_hillorum,0.0,263
2193,Callithrix_kuhlii,Primates,Callitrichidae,Callithrix,VU,0.253397574386286,0.309372384089011,1.04788971662119,1.30031448323562,0.244451580040976,0.0769517757806939,0.65410991851593,0,0.289,1000,direct,Callithrix_kuhlii,0.0,264
2211,Martes_gwatkinsii,Carnivora,Mustelidae,Martes,VU,0.251097885550346,0.356667309248441,1.05235820205776,1.5308230636895,0.240927727265389,0.0807374595962204,1.45428718894647,0,0.301,1000,direct,Martes_gwatkinsii,0.0,265
2224,Phoniscus_papuensis,Chiroptera,Vespertilionidae,Phoniscus,VU,0.249434833761087,0.441568108581383,1.04441507123512,1.79206334479394,0.248284811346046,0.0743826326188771,1.49175792756702,0,0.322,1000,direct,Phoniscus_papuensis,0.0,266
2248,Nyctimene_minutus,Chiroptera,Pteropodidae,Nyctimene,VU,0.246821297914939,0.381595896786577,1.08931865368137,1.47124231134941,0.245516772328093,0.0796666349014153,1.26882351168745,0,0.3,1000,synonym:MSW3,Nyctimene_varia,0.0,267
2255,Prosciurillus_weberi,Rodentia,Sciuridae,Prosciurillus,VU,0.24567365469997,0.362629096091199,1.02074481179423,1.49413525143351,0.246944056861299,0.0751145078690388,1.23290537884528,0,0.302,1000,direct,Prosciurillus_weberi,0.0,268
2264,Aotus_jorgehernandezi,Primates,Aotidae,Aotus,VU,0.244880837062946,0.355150584191581,1.0074891889325,1.43639940742546,0.244310461480918,0.0789919186535449,1.34843559839115,0,0.286,1000,synonym:nominalName,Aotus_brumbacki,0.0,269
2285,Rhinolophus_canuti,Chiroptera,Rhinolophidae,Rhinolophus,VU,0.24192784052932,0.331903547356875,0.980247090107598,1.40261669727816,0.246953386379361,0.0774053137004698,1.32843884323367,0,0.282,1000,direct,Rhinolophus_canuti,0.0,270
2291,Pteropus_cognatus,Chiroptera,Pteropodidae,Pteropus,VU,0.24063929032679,0.297000665463616,1.03782400868367,1.20030424199301,0.245063948457488,0.0787891225822305,0.9895833713198,0,0.253,1000,direct,Pteropus_cognatus,0.0,271
2307,Meriones_sacramenti,Rodentia,Muridae,Meriones,VU,0.23915296819234,0.392927814384986,1.03448467504681,1.58098377240512,0.245332713996574,0.0762139165687419,1.35996187529133,0,0.291,1000,direct,Meriones_sacramenti,0.0,272
2312,Dobsonia_emersa,Chiroptera,Pteropodidae,Dobsonia,VU,0.23851329896957,0.397093133669756,1.01990699005246,1.58673802978662,0.246059419333368,0.0808095903495894,1.50639126072425,0,0.305,1000,direct,Dobsonia_emersa,0.0,273
2339,Mus_mayori,Rodentia,Muridae,Mus,VU,0.23419710880247,0.329870727626118,0.963505331647463,1.30894854918171,0.245401820433439,0.07855541554742,1.15668686358237,0,0.258,1000,direct,Mus_mayori,0.0,274
2351,Pseudomys_oralis,Rodentia,Muridae,Pseudomys,VU,0.232686432050307,0.320524546116864,0.990234891908715,1.27977895203777,0.246792085121797,0.0779828292303666,1.20716430706137,0,0.251,1000,direct,Pseudomys_oralis,0.0,275
2369,Callicebus_medemi,Primates,Pitheciidae,Cheracebus,VU,0.229709964199428,0.311282479996103,0.930001405236691,1.26387084324248,0.244060842924806,0.0778295748606087,1.1931737161511,0,0.251,1000,synonym:MSW3,Cheracebus_medemi,0.0,276
2413,Pseudomys_novaehollandiae,Rodentia,Muridae,Pseudomys,VU,0.224512838924611,0.341297487588875,0.940409852313603,1.36401043221706,0.246951304961479,0.0776055552209458,1.19646476995802,0,0.26,1000,direct,Pseudomys_novaehollandiae,0.0,277
2416,Lophuromys_medicaudatus,Rodentia,Muridae,Lophuromys,VU,0.224296725726769,0.331289764966427,0.909646948262591,1.36921646258245,0.245869024894071,0.0775069528867851,1.21416017732775,0,0.26,1000,direct,Lophuromys_medicaudatus,0.0,278
2454,Callicebus_melanochir,Primates,Pitheciidae,Callicebus,VU,0.219210867310446,0.336062684209933,0.946338055930493,1.34185249105792,0.242789626474683,0.0774107579101726,1.23337941618471,0,0.262,1000,direct,Callicebus_melanochir,0.0,279
2463,Pseudomys_fieldi,Rodentia,Muridae,Pseudomys,VU,0.21835492430627,0.326433780954844,0.926894547395975,1.31910909072559,0.247209872626704,0.0776055552209458,1.17529156493225,0,0.255,1000,synonym:nominalName,Pseudomys_gouldii,0.0,280
2471,Falsistrellus_tasmaniensis,Chiroptera,Vespertilionidae,Falsistrellus,VU,0.217359163446967,0.319063170614334,0.928001496707044,1.27774942461796,0.245224206144522,0.074772857327035,1.06801016850964,0,0.252,1000,direct,Falsistrellus_tasmaniensis,0.0,281
2484,Thomasomys_bombycinus,Rodentia,Cricetidae,Thomasomys,VU,0.215404560367211,0.328645288496795,0.895260191849108,1.3554137562362,0.242503703495307,0.0752749559304106,1.16895632741403,0,0.257,1000,direct,Thomasomys_bombycinus,0.0,282
2538,Pithecia_milleri,Primates,Pitheciidae,Pithecia,VU,0.210435228273992,0.343397162491351,0.889241010220715,1.42570625970297,0.242741061435803,0.0768544588518609,1.17974784052565,0,0.266,1000,direct,Pithecia_milleri,0.0,283
2547,Bibimys_torresi,Rodentia,Cricetidae,Bibimys,VU,0.209377471851915,0.496430563799082,0.893896050603614,2.14493588054033,0.24378494367206,0.0759951538329657,1.62694571265363,0,0.329,1000,direct,Bibimys_torresi,0.0,284
2555,Pseudomys_gouldii,Rodentia,Muridae,Pseudomys,VU,0.208959122926185,0.329599714344996,0.90939072852157,1.3469797703325,0.247097726439702,0.0780468390300371,1.11259595783061,0,0.255,1000,direct,Pseudomys_gouldii,0.0,285
2593,Aotus_brumbacki,Primates,Aotidae,Aotus,VU,0.205417212313708,0.312631447104941,0.866037961452271,1.32293047477295,0.244310461480918,0.0792419844968672,1.30740905341124,0,0.256,1000,direct,Aotus_brumbacki,0.0,286
