EDGErank,EDrank,species,common_name,order,family,RLcat,EDGEmed,EDGEiqr,EDmed,EDiqr,pextmed,pextiqr,TBLmn,isEDGEsp_frac,is_EDGE_species,n_trees,match,matched_IUCN_name,on_vgp_list,has_vgp_genome,vgp_placement_tier,vgp_name,vgp_accession
380,5168,Cyrtodactylus_guakanthanensis,Gua Kanthan Bent-toed Gecko,Squamata,Gekkonidae,CR,5.53243102629013,6.79383506240858,5.77639046184247,7.25839724788633,0.97155638866006,0.0547527723652484,6.4981223793497,0.494,0,1000,direct,Cyrtodactylus_guakanthanensis,False,False,,,
383,5134,Hemidactylus_dracaenacolus,,Squamata,Gekkonidae,CR,5.50096943032157,2.43172143456529,5.79779882217217,2.64895231996849,0.973756478925394,0.0561568452248649,4.691823267094,0.489,0,1000,direct,Hemidactylus_dracaenacolus,False,False,,,
386,5199,Cyrtodactylus_ramboda,,Squamata,Gekkonidae,CR,5.49480645578382,6.565836867699,5.75240155413527,6.94360907633411,0.971834438268103,0.0553994771127975,6.31987240436607,0.495,0,1000,direct,Cyrtodactylus_ramboda,False,False,,,
388,5189,Ctenotus_lancelini,Lancelin Island Skink,Squamata,Scincidae,CR,5.47568047879962,1.8274307623744,5.76051672343704,1.91931957481985,0.971685091560268,0.0637642199920746,5.487479906151,0.458,0,1000,direct,Ctenotus_lancelini,False,False,,,
389,5206,Stenocercus_haenschi,Haensch's Whorltail Iguana,Squamata,Tropiduridae,CR,5.47204489169139,6.16132382339006,5.74760640157845,6.5898776085377,0.971848607971157,0.0567272189991099,6.1005832936758,0.485,0,1000,direct,Stenocercus_haenschi,False,False,,,
393,5186,Chalcides_ebneri,Ebner's Cylindrical Skink,Squamata,Scincidae,CR,5.42435883581016,6.17631842628704,5.76313734253398,6.47700197486555,0.968854859408465,0.0618026589460616,6.7218686691335,0.487,0,1000,direct,Chalcides_ebneri,False,False,,,
395,5361,Leiolopisma_alazon,Ono-i-Lau Ground Skink,Squamata,Scincidae,CR,5.3617173419741,6.2922166165029,5.60207089725741,6.69569625504136,0.971882311874241,0.060512883471887,5.13370923680352,0.483,0,1000,direct,Leiolopisma_alazon,False,False,,,
401,5324,Indotyphlops_leucomelas,Pied Worm Snake,Squamata,Typhlopidae,CR,5.31131267658914,6.8648087288858,5.633169756916,7.04968626488432,0.972194737199787,0.059706992396374,5.44010270578364,0.479,0,1000,direct,Indotyphlops_leucomelas,False,False,,,
410,5466,Oligosoma_infrapunctatum,Speckled Skink,Squamata,Scincidae,CR,5.25547509021712,1.76806078904642,5.49981066099009,1.73214479340794,0.971476214839584,0.0613676320082444,5.09842941113197,0.398,0,1000,direct,Oligosoma_infrapunctatum,False,False,,,
413,5370,Tetracheilostoma_carlae,Barbados Threadsnake,Squamata,Leptotyphlopidae,CR,5.23732262668163,5.08030032396664,5.59474862390809,5.27992361948203,0.971499098176558,0.0607209005017037,2.2383406261359,0.468,0,1000,direct,Tetracheilostoma_carlae,False,False,,,
417,5540,Indotyphlops_lazelli,,Squamata,Typhlopidae,CR,5.20322299435163,6.45457877083338,5.42616578030049,6.71171135655536,0.972288476754793,0.0591619080513889,5.3358825584001,0.468,0,1000,direct,Indotyphlops_lazelli,False,False,,,
419,5514,Cnemaspis_tropidogaster,Rough-bellied Day Gecko,Squamata,Gekkonidae,CR,5.19777625169208,2.7354646037197,5.45369721865971,2.76268179390222,0.971855043008669,0.0584138936879264,4.19990156899213,0.411,0,1000,direct,Cnemaspis_tropidogaster,False,False,,,
423,5477,Cyrtodactylus_gordongekkoi,,Squamata,Gekkonidae,CR,5.1663792706445,6.73671994990543,5.49026457220194,7.02666328719249,0.971934307329179,0.0545682799651624,6.11285983774041,0.468,0,1000,direct,Cyrtodactylus_gordongekkoi,False,False,,,
428,5524,Madascincus_arenicola,,Squamata,Scincidae,CR,5.11258930794157,2.90925724874797,5.43993868076044,3.12530649281786,0.969654356024077,0.0632164989229324,5.0404757588313,0.431,0,1000,direct,Madascincus_arenicola,False,False,,,
432,5613,Opisthotropis_kikuzatoi,Kikuzato’s Stream Snake,Squamata,Natricidae,CR,5.06221137206553,6.35865859912483,5.34902451016485,6.71691785409109,0.970735704569647,0.0597682437508238,5.88430533774291,0.453,0,1000,direct,Opisthotropis_kikuzatoi,False,False,,,
439,5710,Mabuya_grandisterrae,Grande-Terre Skink,Squamata,Scincidae,CR,4.9907668668365,3.3177047549752,5.23455729297915,3.51047993491204,0.968430021200651,0.0601348810654059,2.83111480574658,0.405,0,1000,direct,Mabuya_grandisterrae,False,False,,,
442,5663,Lerista_allanae,Allan's Lerista,Squamata,Scincidae,CR,4.97959908865158,5.85221723243385,5.2809224764984,6.0862408518198,0.970802519666177,0.0664337827176487,5.7429360917537,0.452,0,1000,direct,Lerista_allanae,False,False,,,
446,5681,Amphisbaena_cayemite,Cayemite Short-tailed Amphisbaena,Squamata,Amphisbaenidae,CR,4.95993312413257,7.90217820274558,5.26750112588924,8.23614739883442,0.968479370765202,0.0640896333238101,6.42672155873844,0.456,0,1000,direct,Amphisbaena_cayemite,False,False,,,
450,5693,Diploglossus_montisserrati,Montserrat Galliwasp,Squamata,Diploglossidae,CR,4.92999379848889,6.44354190223366,5.25190205457484,6.71376069448455,0.969828716318601,0.0632322100753981,6.1484681690005,0.448,0,1000,direct,Diploglossus_montisserrati,False,False,,,
454,5790,Sceloporus_exsul,,Squamata,Phrynosomatidae,CR,4.91571278881753,6.32382816622592,5.14787351183932,6.69438534756564,0.971279520602085,0.0615265376226939,6.29756120259764,0.442,0,1000,direct,Sceloporus_exsul,False,False,,,
456,5772,Mabuya_desiradae,Désirade Skink,Squamata,Scincidae,CR,4.90629681486897,3.30175074564571,5.16463832271521,3.53147895626429,0.968430021200651,0.0600509565103009,2.79256866930134,0.4,0,1000,direct,Mabuya_desiradae,False,False,,,
458,5753,Mabuya_hispaniolae,Hispaniolan Two-lined Skink,Squamata,Scincidae,CR,4.87631530078657,3.2094969636451,5.18682432365603,3.24060258651521,0.968518631431662,0.0601348810654059,2.75429873925916,0.396,0,1000,direct,Mabuya_hispaniolae,False,False,,,
461,5838,Cyrtodactylus_jaegeri,,Squamata,Gekkonidae,CR,4.86952252675374,6.36885124949938,5.09092200364511,6.55933113701937,0.971934307329179,0.0547429548026283,5.79471290868945,0.437,0,1000,direct,Cyrtodactylus_jaegeri,False,False,,,
463,5820,Cyrtodactylus_jarakensis,Jarak Island Bent-toed Gecko,Squamata,Gekkonidae,CR,4.84720792879319,7.44975140070439,5.11525334741169,7.79753190031522,0.972050528685644,0.0553994771127975,5.75317403655588,0.463,0,1000,direct,Cyrtodactylus_jarakensis,False,False,,,
470,5839,Hemidactylus_kundaensis,,Squamata,Gekkonidae,CR,4.82029599590291,6.54943038310704,5.09073611880203,6.95190690891094,0.97232275706186,0.0550278620668092,5.75467064790404,0.447,0,1000,direct,Hemidactylus_kundaensis,False,False,,,
476,5827,Mabuya_guadeloupae,Guadeloupe Skink,Squamata,Scincidae,CR,4.80611527003916,3.29422174821339,5.10731433636063,3.46938921402057,0.968326577709174,0.0602838468289864,2.80754465898567,0.379,0,1000,direct,Mabuya_guadeloupae,False,False,,,
480,5907,Mabuya_cochonae,Cochons Skink,Squamata,Scincidae,CR,4.79355352399655,3.36910448266422,5.01844801624591,3.54830858896389,0.968326577709174,0.0601999222738814,2.75439837394903,0.388,0,1000,direct,Mabuya_cochonae,False,False,,,
485,5967,Trachylepis_nganghae,,Squamata,Scincidae,CR,4.76772153701687,6.34955446734082,4.96880733259063,6.67606954902613,0.96773570081658,0.0607462872022407,6.10357311898902,0.439,0,1000,direct,Trachylepis_nganghae,False,False,,,
496,5975,Lerista_storri,Storr's Lerista,Squamata,Scincidae,CR,4.71481512270096,6.13763451650162,4.95824672312164,6.54011364187777,0.970079843027706,0.0676940038766437,5.66186161799787,0.423,0,1000,direct,Lerista_storri,False,False,,,
500,5983,Mabuya_montserratae,Montserrat Skink,Squamata,Scincidae,CR,4.70377803231209,3.3666913306056,4.95128249523614,3.53183945451984,0.968326577709174,0.0602838468289864,2.59571937259767,0.377,0,1000,direct,Mabuya_montserratae,False,False,,,
502,5920,Compsophis_vinckei,,Squamata,Pseudoxyrhophiidae,CR,4.69594157168852,5.22914599877241,5.00826413185171,5.38025331128823,0.969062385216665,0.0699435815458593,5.71125537037896,0.417,0,1000,direct,Compsophis_vinckei,False,False,,,
509,6017,Lerista_nevinae,Nevin's Slide,Squamata,Scincidae,CR,4.64234788573382,5.92064074158858,4.91700938060307,6.10704562260109,0.969602736478418,0.0674940832536712,5.73212709926185,0.417,0,1000,direct,Lerista_nevinae,False,False,,,
510,6104,Trachyboa_gularis,,Unassigned,Unassigned,CR,4.63019830958919,1.92230036012181,4.8216039265321,2.01924381965796,0.971046491143967,0.0600648019856729,4.3393422033324,0.261,0,1000,GBIF_iucn_link,Trachyboa_gularis,False,False,,,
514,6078,Hemidactylus_bouvieri,Bouvier's Leaf-toed Gecko,Squamata,Gekkonidae,CR,4.61058514197255,3.29619084927605,4.84777348113414,3.39340931828764,0.973684000060972,0.0551257049843306,3.45824270361009,0.361,0,1000,direct,Hemidactylus_bouvieri,False,False,,,
520,6096,Synophis_plectovertebralis,,Squamata,Dipsadidae,CR,4.58230236166758,3.44863535170921,4.82977745237215,3.66924098450499,0.972116752558407,0.0620426749334331,3.84365571201595,0.351,0,1000,direct,Synophis_plectovertebralis,False,False,,,
526,6120,Eremiascincus_antoniorum,,Squamata,Scincidae,CR,4.56916759761733,5.83752808409869,4.80563056082762,6.19450057866084,0.969128473255519,0.0681470280580955,5.41497542105024,0.414,0,1000,direct,Eremiascincus_antoniorum,False,False,,,
535,6149,Bellatorias_obiri,Arnhem Land Gorges Skink,Squamata,Scincidae,CR,4.51499883954783,5.27512547569242,4.77790500616854,5.5450503906841,0.968636299517605,0.0599229082369125,5.48714544015128,0.396,0,1000,direct,Bellatorias_obiri,False,False,,,
547,6235,Liolaemus_lutzae,,Squamata,Liolaemidae,CR,4.41434892957924,3.59066211202002,4.67727429331288,3.76680950806632,0.970066482634719,0.0587466174188051,3.69593182982851,0.269,0,1000,direct,Liolaemus_lutzae,False,False,,,
597,6551,Lerista_vittata,Mount Cooper Striped Lerista,Squamata,Scincidae,CR,4.12867422862599,5.80188057081519,4.32770996077952,6.02806327029857,0.969602736478418,0.0675970098454746,5.36141060309983,0.358,0,1000,direct,Lerista_vittata,False,False,,,
608,6538,Phrynocephalus_golubewii,,Squamata,Agamidae,CR,4.0893930978558,4.72130448976484,4.34336336162458,4.87675937557195,0.970703988364044,0.0600067003433269,5.13683748278422,0.358,0,1000,direct,Phrynocephalus_golubewii,False,False,,,
621,6690,Ctenotus_serotinus,Gravel-downs Ctenotus,Squamata,Scincidae,CR,4.01591285469226,5.4370444706536,4.17028946520577,5.73014508020981,0.971243091921818,0.0612149741221918,4.96516927383763,0.356,0,1000,direct,Ctenotus_serotinus,False,False,,,
637,6684,Omoadiphas_texiguatensis,,Squamata,Dipsadidae,CR,3.92573447424043,3.16472318089779,4.1729274493698,3.30647975081907,0.972076159137107,0.0618990754202353,2.63580994452088,0.268,0,1000,direct,Omoadiphas_texiguatensis,False,False,,,
644,6798,Typhlops_epactius,Cayman Brac Blindsnake,Squamata,Typhlopidae,CR,3.86670978546123,4.3209877477782,4.06393187628501,4.55977979895456,0.97278342128057,0.0581946074139406,3.89214249766618,0.318,0,1000,GBIF_accepted,Cubatyphlops_epactius,False,False,,,
661,6917,Oligodon_booliati,Boo-Liat's Kukri Snake,Squamata,Colubridae,CR,3.76116003510209,4.7852219505201,3.93954503876609,4.97945472847006,0.972647677714175,0.0572737414272775,4.51423527385159,0.322,0,1000,direct,Oligodon_booliati,False,False,,,
664,6884,Omoadiphas_cannula,,Squamata,Dipsadidae,CR,3.74331576934483,3.32892283771785,3.97700204977167,3.5382701325777,0.972016501215278,0.0618695698870503,2.42266950103428,0.266,0,1000,direct,Omoadiphas_cannula,False,False,,,
675,7027,Trimeresurus_labialis,Island Pit Viper,Squamata,Viperidae,CR,3.69107065615276,4.24535702978126,3.82065989123436,4.41498507742576,0.970164703482201,0.0575984566775309,4.2423599235942,0.297,0,1000,direct,Trimeresurus_labialis,False,False,,,
692,7020,Ailuronyx_trachygaster,Giant Bronze Gecko,Squamata,Gekkonidae,CR,3.63248799624393,3.49483373169222,3.8267145719748,3.68210374230129,0.971098107839101,0.0620508334196206,3.87591381101199,0.271,0,1000,direct,Ailuronyx_trachygaster,False,False,,,
705,7040,Tropidurus_imbituba,,Squamata,Tropiduridae,CR,3.56530625842666,3.6659251770161,3.81004299157822,3.91453328889422,0.970586139700088,0.0606794039157043,4.43326518793467,0.268,0,1000,direct,Tropidurus_imbituba,False,False,,,
730,7117,Darevskia_dryada,,Squamata,Lacertidae,CR,3.47467614509721,4.19472488012089,3.69927515698314,4.34710896456412,0.96927947375845,0.06470434353267,4.11851581635614,0.282,0,1000,direct,Darevskia_dryada,False,False,,,
750,7259,Euspondylus_monsfumus,,Squamata,Gymnophthalmidae,CR,3.38166979849004,4.79275128949215,3.55052607845184,5.00627412030797,0.96921106496173,0.0647273048667914,4.26233846848757,0.307,0,1000,direct,Euspondylus_monsfumus,False,False,,,
768,7364,Emoia_slevini,Mariana Skink,Squamata,Scincidae,CR,3.30004719254641,4.19865185378183,3.44532169103082,4.43156856514318,0.969965367005754,0.0616539085133253,3.77656037133424,0.257,0,1000,direct,Emoia_slevini,False,False,,,
773,7406,Vipera_darevskii,,Squamata,Viperidae,CR,3.28422221523259,4.1663170919303,3.39346456236799,4.38827201243626,0.970540391368166,0.0579059585595522,4.09383296187503,0.278,0,1000,direct,Vipera_darevskii,False,False,,,
789,7453,Vipera_olguni,,Squamata,Viperidae,CR,3.22532808275908,3.63921076070262,3.35168777176748,3.91735676149045,0.97112732079161,0.0580039528743621,3.73988239607553,0.25,0,1000,GBIF_accepted,Vipera_darevskii,False,False,,,
795,7386,Emmochliophis_miops,Myopic Shadow Snake,Squamata,Dipsadidae,CR,3.20468237300819,4.04234485748607,3.41541272470992,4.20777639348112,0.972116752558407,0.0639042421953041,2.49322785929982,0.265,0,1000,direct,Emmochliophis_miops,False,False,,,
817,7464,Proablepharus_barrylyoni,,Squamata,Scincidae,CR,3.13674491498332,4.57777277309083,3.34354194531472,4.83219911873581,0.967987754199941,0.0639003916277728,4.47479686418312,0.281,0,1000,GBIF_accepted,Austroablepharus_barrylyoni,False,False,,,
863,5135,Sphenomorphus_cameronicus,Cameron Highlands Forest Skink,Squamata,Scincidae,EN,2.97508659055169,4.31460380699572,5.79729011693897,8.49122309085458,0.494335249697711,0.273400424925082,7.22722581911286,0.498,0,1000,direct,Sphenomorphus_cameronicus,False,False,,,
867,5065,Cyrtodactylus_adleri,Alder’s bow-fingered gecko,Squamata,Gekkonidae,EN,2.96719282449437,3.74874823243645,5.86138595485107,7.43243292326336,0.497356600131446,0.264284650628944,6.90283348008947,0.499,0,1000,direct,Cyrtodactylus_adleri,False,False,,,
896,5236,Cyrtodactylus_wakeorum,,Squamata,Gekkonidae,EN,2.86632752737601,3.94391417154588,5.7198270071392,7.59346751274579,0.494926775826706,0.259959468990083,6.4616336863205,0.489,0,1000,direct,Cyrtodactylus_wakeorum,False,False,,,
903,5130,Heterodactylus_septentrionalis,,Squamata,Gymnophthalmidae,EN,2.83857773596798,2.83765548772538,5.80167386765131,5.15510847872806,0.485671762313081,0.281901580580199,5.48367331229902,0.492,0,1000,direct,Heterodactylus_septentrionalis,False,False,,,
906,5286,Bavayia_cyclura,Forest Bavayia,Squamata,Diplodactylidae,EN,2.82443329985503,1.66629541622394,5.67372803637097,1.89903502180156,0.488559820962442,0.291444536215799,4.4783722027593,0.441,0,1000,direct,Bavayia_cyclura,False,False,,,
917,5232,Sphenomorphus_striatopunctatum,Ceylon Tree Skink,Squamata,Scincidae,EN,2.792740130063,4.19022420263231,5.7251303962739,8.09294039555418,0.491519346907263,0.271413471171906,6.52578095371923,0.492,0,1000,GBIF_accepted,Lankascincus_taprobanensis,False,False,,,
920,5138,Heterodactylus_lundii,Lund's Teiid,Squamata,Gymnophthalmidae,EN,2.79192568897432,2.96196589249537,5.79537499864248,5.30816884168693,0.486284962216194,0.281901580580199,5.3730302491953,0.497,0,1000,direct,Heterodactylus_lundii,False,False,,,
921,5274,Bavayia_goroensis,,Squamata,Diplodactylidae,EN,2.79035600878502,1.64798567195693,5.68808557890991,1.97230627371157,0.488559820962442,0.291444536215799,4.4783722027593,0.438,0,1000,direct,Bavayia_goroensis,False,False,,,
922,5253,Japalura_luei,,Squamata,Agamidae,EN,2.78779353251867,3.60629966270674,5.70921803056675,7.2565062892029,0.469225928046922,0.287579422409202,6.41376847048064,0.487,0,1000,GBIF_accepted,Diploderma_luei,False,False,,,
926,5520,Chapinophis_xanthocheilus,,Squamata,Dipsadidae,EN,2.77735213184002,3.29421908071308,5.44166949550731,6.02737782303927,0.489112485267875,0.27514613860527,5.61256690515081,0.456,0,1000,direct,Chapinophis_xanthocheilus,False,False,,,
929,5058,Amphisbaena_bahiana,,Squamata,Amphisbaenidae,EN,2.7743903031249,3.49730541286594,5.86787717095872,7.08474496092364,0.477873992604072,0.269792579258892,6.4863269366476,0.499,0,1000,direct,Amphisbaena_bahiana,False,False,,,
936,5585,Stenocercus_carrioni,Parker's Whorltail Iguana,Squamata,Tropiduridae,EN,2.75512726848798,3.33162903127836,5.37570136524995,6.38341396799983,0.49680441263765,0.269021385001246,6.14871046489071,0.465,0,1000,direct,Stenocercus_carrioni,False,False,,,
939,5426,Sphenomorphus_modigliani,,Squamata,Scincidae,EN,2.74410679993357,4.09894016509036,5.53415764911613,8.25500145720394,0.491675278154967,0.27394218917761,6.87959143518331,0.475,0,1000,GBIF_accepted,Sphenomorphus_modiglianii,False,False,,,
940,5455,Sphaerodactylus_oliveri,Juventud Least Gecko,Squamata,Sphaerodactylidae,EN,2.7408412511639,1.84065029956977,5.51120187319431,3.05061463827885,0.494901971386798,0.282738599716042,3.62245473678,0.427,0,1000,direct,Sphaerodactylus_oliveri,False,False,,,
943,5083,Trimeresurus_truongsonensis,Truong Son Pit Viper,Squamata,Viperidae,EN,2.73794221323971,1.79523127253202,5.85051001044928,2.81317526963657,0.490183656289765,0.282065868931347,5.41860348101727,0.497,0,1000,direct,Trimeresurus_truongsonensis,False,False,,,
946,5528,Stenocercus_simonsii,Simons' Whorltail Iguana,Squamata,Tropiduridae,EN,2.73458805551936,3.5702859913885,5.43900375097287,6.6368783785213,0.492832936069451,0.271416952824894,6.02744073701817,0.477,0,1000,direct,Stenocercus_simonsii,False,False,,,
950,5300,Amphisbaena_supernumeraria,,Squamata,Amphisbaenidae,EN,2.71195160052003,3.99532149370011,5.65577717967692,7.42720065761807,0.478567228635719,0.269319256926876,6.46936817578456,0.491,0,1000,direct,Amphisbaena_supernumeraria,False,False,,,
954,5008,Amphisbaena_lumbricalis,,Squamata,Amphisbaenidae,EN,2.70135018863382,3.82051673720971,5.90597129974813,8.02045044967518,0.479605488675365,0.258815560775826,6.42670929787383,0.498,0,1000,direct,Amphisbaena_lumbricalis,False,False,,,
958,5393,Stenocercus_arndti,,Squamata,Tropiduridae,EN,2.69017439152752,3.38837448020248,5.56500812692318,6.13838144071928,0.496447409599272,0.269957985994567,5.95352983670327,0.457,0,1000,direct,Stenocercus_arndti,False,False,,,
960,5412,Cyrtodactylus_wallacei,,Squamata,Gekkonidae,EN,2.68736249299798,3.65854372135306,5.54517301235924,7.06906612851227,0.493709831966974,0.263787584251103,6.22890544332763,0.475,0,1000,direct,Cyrtodactylus_wallacei,False,False,,,
965,5661,Opisthotropis_alcalai,Gary's Mountain Keelback,Squamata,Natricidae,EN,2.6758219280414,3.54950254199334,5.28274814833609,6.76715396588655,0.488687994744999,0.275976191026099,5.67467815389304,0.461,0,1000,direct,Opisthotropis_alcalai,False,False,,,
966,5289,Indotyphlops_malcolmi,Malcolm's Worm Snake,Squamata,Typhlopidae,EN,2.67400404074719,3.8151062735694,5.66748206181361,7.39491404751634,0.500221776211044,0.273272943817256,5.69197932993238,0.484,0,1000,direct,Indotyphlops_malcolmi,False,False,,,
967,5464,Calliophis_haematoetron,Blood-bellied Coral Snake,Squamata,Elapidae,EN,2.67112783668911,3.59053102661649,5.50204709656491,7.25554075941459,0.487339447307544,0.280145835380637,6.02935359618677,0.469,0,1000,direct,Calliophis_haematoetron,False,False,,,
969,5462,Cyrtodactylus_subsolanus,,Squamata,Gekkonidae,EN,2.65916797912193,3.53619199784168,5.50414725848333,6.77564667508577,0.496422708841211,0.267653741993916,5.65455521544184,0.472,0,1000,direct,Cyrtodactylus_subsolanus,False,False,,,
972,5651,Ameiva_provitaae,,Squamata,Teiidae,EN,2.65154035528264,3.65238415494026,5.30342433421852,6.95186087087649,0.496280021924162,0.289556075417936,6.47536310176676,0.459,0,1000,direct,Ameiva_provitaae,False,False,,,
974,5209,Lampropholis_robertsi,Grey-bellied Sunskink,Squamata,Scincidae,EN,2.64917871675359,3.56968642917937,5.74742210070871,7.53676432394956,0.476922943673634,0.28429767796426,5.8260591584092,0.491,0,1000,direct,Lampropholis_robertsi,False,False,,,
980,5600,Cyrtodactylus_edwardtaylori,,Squamata,Gekkonidae,EN,2.63609371609574,3.8327677730664,5.36610073253122,7.49718813044675,0.495801468598124,0.266994877307121,6.47641887883478,0.453,0,1000,direct,Cyrtodactylus_edwardtaylori,False,False,,,
986,5427,Darevskia_kopetdaghica,,Squamata,Lacertidae,EN,2.61585739927041,1.87610291683283,5.53369063359937,2.01051820842118,0.481056921408359,0.279280770411711,4.82843204399229,0.4,0,1000,direct,Darevskia_kopetdaghica,False,False,,,
988,5414,Macropholidus_annectens,Parker's Pholidobolus,Squamata,Gymnophthalmidae,EN,2.61350594453786,1.72967811823591,5.54420175642125,2.36103198357815,0.485625151739336,0.286299047707312,4.70215319692228,0.42,0,1000,direct,Macropholidus_annectens,False,False,,,
993,5807,Dalophia_luluae,,Squamata,Amphisbaenidae,EN,2.59263129882865,3.41491998321844,5.13114270209442,6.63780490641533,0.479724149359584,0.256207940366292,6.13854489516603,0.441,0,1000,direct,Dalophia_luluae,False,False,,,
995,5559,Amphisbaena_arda,,Squamata,Amphisbaenidae,EN,2.59001738231869,4.01644697011106,5.39895836085356,7.15842517120878,0.478118147545573,0.267344741469495,6.4280611656312,0.466,0,1000,direct,Amphisbaena_arda,False,False,,,
999,5623,Bitis_albanica,Albany Adder,Squamata,Viperidae,EN,2.57736052744118,3.78614342260675,5.33768310681812,7.11802102935984,0.493289449274799,0.291005598278285,6.00696059590097,0.456,0,1000,direct,Bitis_albanica,False,False,,,
1009,5925,Cyrtodactylus_phuketensis,Phuket Bent-toed Gecko,Squamata,Gekkonidae,EN,2.54798756049538,4.01138606285208,5.00226778136042,7.69043613164479,0.496422708841211,0.264256512594839,6.22153594181124,0.44,0,1000,direct,Cyrtodactylus_phuketensis,False,False,,,
1016,5850,Sphenomorphus_sananus,,Squamata,Scincidae,EN,2.51669850582369,3.84619685420855,5.07631552116021,7.15049438471164,0.496240348033524,0.278092452736926,5.98094940343054,0.438,0,1000,GBIF_iucn_link,Sphenomorphus_sanana,False,False,,,
1017,5765,Sceloporus_cyanostictus,,Squamata,Phrynosomatidae,EN,2.51153412791707,3.51137819913116,5.1711419489066,6.33891153557665,0.491271518907565,0.282358096624491,6.37667162768354,0.433,0,1000,direct,Sceloporus_cyanostictus,False,False,,,
1018,5780,Typhlacontias_kataviensis,,Squamata,Scincidae,EN,2.5115223291828,3.55871019810239,5.15270964442016,7.43064013220939,0.483609965019662,0.294929194224364,6.74072611011986,0.443,0,1000,direct,Typhlacontias_kataviensis,False,False,,,
1035,5800,Oligodon_calamarius,,Squamata,Colubridae,EN,2.46750843199629,2.7604299972192,5.13601622823697,5.63605730882241,0.496217463674415,0.288551014294116,4.70863981841407,0.434,0,1000,direct,Oligodon_calamarius,False,False,,,
1036,5825,Ramphotyphlops_exocoeti,Christmas Island Blind Snake,Squamata,Typhlopidae,EN,2.46719100584752,3.60187579255259,5.1086670451811,6.87035459818977,0.490340567076978,0.272871086236087,5.64969187720462,0.448,0,1000,direct,Ramphotyphlops_exocoeti,False,False,,,
1042,5826,Protobothrops_trungkhanhensis,Trungkhanh Pit Viper,Squamata,Viperidae,EN,2.45154049015191,3.36589879214047,5.10787158806046,6.50632455574623,0.485787927334518,0.284845359511297,4.96372111642307,0.429,0,1000,direct,Protobothrops_trungkhanhensis,False,False,,,
1050,5957,Aprasia_litorea,Gnaraloo Worm-lizard,Squamata,Pygopodidae,EN,2.43310550170691,3.1140008769427,4.97611803369212,6.06092756458475,0.49036940402922,0.290494468347722,5.81965118215977,0.411,0,1000,direct,Aprasia_litorea,False,False,,,
1053,5960,Kinyongia_multituberculata,West Usambara Blade-horned Chameleon,Squamata,Chamaeleonidae,EN,2.4219496584397,1.53777885405908,4.97383652469441,1.90713952020014,0.485010383861242,0.269439693492156,4.60731588665034,0.251,0,1000,direct,Kinyongia_multituberculata,False,False,,,
1056,5936,Darevskia_uzzelli,,Squamata,Lacertidae,EN,2.41064258246482,2.81547529886587,4.9933174021349,5.58612375519203,0.479651248545996,0.279336661171971,5.46861422305336,0.42,0,1000,direct,Darevskia_uzzelli,False,False,,,
1058,5935,Stenocercus_modestus,Modest Whorltail Iguana,Squamata,Tropiduridae,EN,2.40498293075425,3.24867792866832,4.99400252769466,6.49382346916921,0.498879822945608,0.27084421209568,5.66216087357964,0.423,0,1000,direct,Stenocercus_modestus,False,False,,,
1063,5956,Calamodontophis_ronaldoi,,Squamata,Dipsadidae,EN,2.39376172741078,1.60766811157063,4.97676343805454,2.26349570425398,0.501131079429359,0.265083579247108,3.01102899072341,0.322,0,1000,direct,Calamodontophis_ronaldoi,False,False,,,
1065,5926,Calamodontophis_paucidens,Tropical Forest Snake,Squamata,Dipsadidae,EN,2.3900696476334,1.58371332575124,5.00151421976722,2.46253443841841,0.500388700492035,0.265283166197966,3.01102899072341,0.321,0,1000,direct,Calamodontophis_paucidens,False,False,,,
1070,6052,Corallus_blombergi,Blomber’s Tree Boa,Squamata,Boidae,EN,2.3845124910869,3.01665148463016,4.88709642831203,5.78352937485189,0.490312360283627,0.287328341437359,4.66102859091456,0.413,0,1000,direct,Corallus_blombergi,False,False,,,
1092,6139,Trachylepis_mekuana,,Squamata,Scincidae,EN,2.33638058829173,3.0843509436176,4.7876740457614,5.69272919328813,0.474250547997865,0.293847870705823,5.70957562345184,0.409,0,1000,direct,Trachylepis_mekuana,False,False,,,
1094,5872,Tropidurus_psammonastes,,Squamata,Tropiduridae,EN,2.33525307214978,1.59937562836841,5.05178122953131,2.4660042230001,0.489599216874709,0.271157447015256,4.67018594304434,0.301,0,1000,direct,Tropidurus_psammonastes,False,False,,,
1098,5900,Iberolacerta_martinezricai,Peña de Francia Rock Lizard,Squamata,Lacertidae,EN,2.32407569750187,1.56392144154586,5.0244318072441,2.18165200604352,0.480387173002375,0.275646408461617,4.5954426747062,0.261,0,1000,direct,Iberolacerta_martinezricai,False,False,,,
1103,6108,Gallotia_intermedia,Tenerife Speckled Lizard,Squamata,Lacertidae,EN,2.31244281340071,1.63144306618612,4.81981295814324,2.18354959176934,0.475264491404689,0.276481222973009,4.6145061174558,0.283,0,1000,direct,Gallotia_intermedia,False,False,,,
1106,6238,Delma_tealei,,Squamata,Pygopodidae,EN,2.31088946177683,3.12573446766096,4.67619180860298,6.05661490931316,0.492415115238858,0.290397952538675,5.41625896439152,0.398,0,1000,direct,Delma_tealei,False,False,,,
1107,6344,Tropidonophis_punctiventris,Halmahera Keelback,Squamata,Natricidae,EN,2.30866313019553,3.26091684699862,4.55513865844834,6.09702939589438,0.495182407499621,0.273672817217691,5.97482198911941,0.38,0,1000,direct,Tropidonophis_punctiventris,False,False,,,
1109,6156,Zygaspis_ferox,,Squamata,Amphisbaenidae,EN,2.30309129171919,3.1921460291804,4.77043719581115,6.32301659372206,0.475264491404689,0.26900036399392,6.25098085697931,0.406,0,1000,direct,Zygaspis_ferox,False,False,,,
1110,6295,Abronia_matudai,Matuda's Arboreal Alligator Lizard,Squamata,Anguidae,EN,2.29071496779429,1.55052106204862,4.60935968987051,2.61928820591006,0.483998942665454,0.265673199138311,3.80787716086394,0.289,0,1000,direct,Abronia_matudai,False,False,,,
1112,6277,Hologerrhum_dermali,,Squamata,Cyclocoridae,EN,2.28832985873051,3.2742762999672,4.6339431089784,6.19516900761357,0.487924690845908,0.283861720841798,5.7048171422473,0.403,0,1000,direct,Hologerrhum_dermali,False,False,,,
1129,6507,Typhlops_tetrathyreus,Haitian Worm Snake,Squamata,Typhlopidae,EN,2.24401653286417,2.66353832783303,4.37279183122304,4.9731564384389,0.501833575248145,0.274512633275599,4.44110784590151,0.369,0,1000,direct,Typhlops_tetrathyreus,False,False,,,
1137,6512,Ahaetulla_perroteti,Perrotet's Vine Snake,Squamata,Colubridae,EN,2.22236500592525,2.94654618728586,4.36906561917977,5.90169639731235,0.494750215186082,0.290967878794088,5.84111645262795,0.378,0,1000,direct,Ahaetulla_perroteti,False,False,,,
1140,6372,Gambelia_sila,Blunt-nosed Leopard Lizard,Squamata,Crotaphytidae,EN,2.21664468000099,1.66306661359697,4.52635004834154,2.75974273060325,0.493745558122167,0.272177379473321,4.420329157,0.27,0,1000,direct,Gambelia_sila,False,False,,,
1149,6413,Atheris_mabuensis,,Squamata,Viperidae,EN,2.19582627575073,2.59964041971934,4.48773623729867,4.85264615388296,0.495756537497738,0.290620886269386,4.89817962822636,0.356,0,1000,direct,Atheris_mabuensis,False,False,,,
1155,6481,Mesaspis_juarezi,Sierra Juarez Alligator Lizard,Squamata,Anguidae,EN,2.175972691452,2.8954121121189,4.3969239344275,5.87259021342928,0.48459245354929,0.264783671724273,5.2294207234089,0.38,0,1000,GBIF_accepted,Abronia_juarezi,False,False,,,
1157,6383,Lygosoma_ashwamedhi,Ashwamedh Writhing Skink,Squamata,Scincidae,EN,2.17314068305288,3.16749037227233,4.5153862817698,6.45294379114085,0.467900330713624,0.29773694998029,5.39359821982825,0.388,0,1000,GBIF_accepted,Eutropis_ashwamedhi,False,False,,,
1162,6492,Phrynocephalus_rossikowi,Uzbekistan Toadhead Agama,Squamata,Agamidae,EN,2.17028471553328,2.65716522656074,4.38374005170628,5.07576007807294,0.488566794250137,0.287689751762606,5.19318235718513,0.359,0,1000,direct,Phrynocephalus_rossikowi,False,False,,,
1170,6101,Liolaemus_scapularis,Shoulder Tree Iguana,Squamata,Liolaemidae,EN,2.15398407250275,2.03268860172378,4.82468367333506,3.6675058370695,0.486846227083157,0.273718790712498,3.95290617821353,0.277,0,1000,direct,Liolaemus_scapularis,False,False,,,
1178,6522,Typhlops_gonavensis,Gonave Island Worm Snake,Squamata,Typhlopidae,EN,2.12806770158277,2.81299387994938,4.36128318895443,5.48515692715466,0.491705923218939,0.275546603745673,4.61613055966057,0.377,0,1000,direct,Typhlops_gonavensis,False,False,,,
1182,6060,Liolaemus_salinicola,,Squamata,Liolaemidae,EN,2.12260739159732,2.0516755170631,4.87747234418166,4.25788771234184,0.486846227083157,0.272542104841722,3.94916307200587,0.348,0,1000,direct,Liolaemus_salinicola,False,False,,,
1231,6782,Lamprophis_geometricus,,Squamata,Lamprophiidae,EN,2.04495362574643,2.63357780231845,4.07579240029644,4.91587272875565,0.480497294600884,0.284887573810721,5.01164273620187,0.333,0,1000,GBIF_iucn_link,Lamprophis_geometricus,False,False,,,
1234,6549,Eremiascincus_butlerorum,,Squamata,Scincidae,EN,2.04041169022502,3.19256868600064,4.32863019541601,6.55338567562099,0.481613384808704,0.299931884797795,5.37680070151739,0.382,0,1000,direct,Eremiascincus_butlerorum,False,False,,,
1253,6674,Placosoma_cipoense,Cunha's Brazilian Lizard,Squamata,Gymnophthalmidae,EN,1.9982856071162,2.78997296658285,4.18366151855695,5.3374819006318,0.48068060399232,0.287291658294841,5.27678503144256,0.347,0,1000,direct,Placosoma_cipoense,False,False,,,
1283,6931,Thrasops_schmidti,Schmidt’s Bold-eyed Tree Snake,Squamata,Colubridae,EN,1.94614282302638,2.86415301415445,3.92399493870952,5.58286068256767,0.493231778178371,0.283031996657062,5.04236790316322,0.329,0,1000,direct,Thrasops_schmidti,False,False,,,
1309,7101,Trimeresurus_mutabilis,Central Nicobar Pit Viper,Squamata,Viperidae,EN,1.90332506093719,2.37986341967308,3.71648890059955,4.52603761230532,0.495756537497738,0.284944865584535,4.36462693657823,0.289,0,1000,direct,Trimeresurus_mutabilis,False,False,,,
1347,6973,Varanus_lirungensis,Talaud Mangrove Monitor,Squamata,Varanidae,EN,1.84218819167454,2.38647629504546,3.88342355199461,4.50263327193695,0.479724149359584,0.261424071694522,4.20135294577971,0.295,0,1000,direct,Varanus_lirungensis,False,False,,,
1378,7256,Trimeresurus_buniana,Pulau Tioman Pit Viper,Squamata,Viperidae,EN,1.80399820892034,2.45889504911831,3.55484125354247,4.77596778450683,0.494694578125788,0.282220582603573,4.13172794853886,0.29,0,1000,direct,Trimeresurus_buniana,False,False,,,
1411,7233,Letheobia_uluguruensis,Uluguru Gracile Blind-snake,Squamata,Typhlopidae,EN,1.76815414736693,2.67181850015633,3.5773157362547,5.36130348510779,0.494385459242632,0.278078844181702,4.36441024032102,0.316,0,1000,direct,Letheobia_uluguruensis,False,False,,,
1425,7321,Echinosaura_brachycephala,,Squamata,Gymnophthalmidae,EN,1.75499021120686,2.19591319484543,3.49129332067644,4.50157765848138,0.481514738833645,0.283345697472652,4.13361652302105,0.275,0,1000,direct,Echinosaura_brachycephala,False,False,,,
1440,7315,Echinosaura_sulcarostrum,,Squamata,Gymnophthalmidae,EN,1.73435343935255,2.54298509144216,3.49333816646141,4.49163149927393,0.48068060399232,0.284893392995907,4.16431292258431,0.275,0,1000,GBIF_accepted,Rheosaurus_sulcarostrum,False,False,,,
1457,7306,Vipera_magnifica,,Squamata,Viperidae,EN,1.72602648608926,2.32247399143797,3.49875867594617,4.36520682372833,0.489221433923146,0.286221771027584,3.80328369516141,0.267,0,1000,direct,Vipera_magnifica,False,False,,,
1469,7352,Varanus_obor,Sago monitor,Squamata,Varanidae,EN,1.71800205092805,2.36055661851393,3.45565563904442,4.6998815562133,0.479724149359584,0.26145663892138,4.12458692798662,0.292,0,1000,direct,Varanus_obor,False,False,,,
1509,7481,Afrotyphlops_usambaricus,Usambara Blind-snake,Squamata,Typhlopidae,EN,1.6816566167998,2.46624745544363,3.33194128199808,4.7454682746331,0.490340567076978,0.27616801235644,4.29123884271014,0.285,0,1000,direct,Afrotyphlops_usambaricus,False,False,,,
1517,7433,Varanus_mabitang,,Squamata,Varanidae,EN,1.6716122057647,2.25143271640206,3.36602066764744,4.59272289213225,0.479724149359584,0.261817120836867,3.94073377582937,0.265,0,1000,direct,Varanus_mabitang,False,False,,,
1518,7270,Varanus_auffenbergi,Auffenberg’s Monitor,Squamata,Varanidae,EN,1.67157783673978,2.33102180148846,3.53549807939783,4.63951140089834,0.478023799306367,0.257981644719699,4.01660421512738,0.276,0,1000,direct,Varanus_auffenbergi,False,False,,,
1531,7604,Vipera_pontica,,Squamata,Viperidae,EN,1.64970472676252,2.33751946538568,3.21816530912309,4.46775895367551,0.490890241210987,0.288084060053616,3.71418978229773,0.271,0,1000,direct,Vipera_pontica,False,False,,,
1646,7581,Telescopus_hoogstraali,,Squamata,Colubridae,EN,1.56487127657237,2.47654545681973,3.23462435582568,5.12548811232587,0.488095814828599,0.286260218003109,4.15897396988321,0.283,0,1000,direct,Telescopus_hoogstraali,False,False,,,
1821,5169,Japalura_brevipes,Short-legged Japalure,Squamata,Agamidae,VU,1.397049639262,1.80010821531961,5.77440415898834,7.38090660492887,0.237219658985743,0.0790377868698712,6.40293251094915,0.493,0,1000,GBIF_accepted,Diploderma_brevipes,False,False,,,
1825,4977,Opisthotropis_laui,Lau's Mountain Stream Snake,Squamata,Natricidae,VU,1.3920029905907,1.76791777605723,5.93114544024737,7.39267820894412,0.243815279424788,0.0761167009463502,6.17903255922969,0.495,0,1000,direct,Opisthotropis_laui,False,False,,,
1829,5238,Cyrtodactylus_soba,Dumbara Bent Toed Gecko,Squamata,Gekkonidae,VU,1.38989693828428,1.825756492729,5.71922649736866,8.0117105290474,0.246138845801172,0.0724153645167908,6.62438934062138,0.493,0,1000,direct,Cyrtodactylus_soba,False,False,,,
1844,5067,Amerotyphlops_stadelmani,Stadelman's Worm Snake,Squamata,Typhlopidae,VU,1.37853538409929,1.87520501461825,5.85997736666267,7.73117645543317,0.247391850607525,0.0751185889256597,6.5619821903479,0.492,0,1000,direct,Amerotyphlops_stadelmani,False,False,,,
1854,5034,Agama_montana,Montane Rock Agama,Squamata,Agamidae,VU,1.36970242248387,0.703066620646827,5.89190256508888,2.51663038903855,0.242228707320027,0.076719247139459,5.6046819215107,0.494,0,1000,direct,Agama_montana,False,False,,,
1857,5027,Enyalioides_touzeti,Touzet’s Woodlizard,Squamata,Hoplocercidae,VU,1.36925562936987,1.79191073132624,5.89767514114262,7.15288858029879,0.24457111446312,0.0749674741883236,6.64230190719663,0.499,0,1000,direct,Enyalioides_touzeti,False,False,,,
1858,5214,Hemidactylus_gujaratensis,,Squamata,Gekkonidae,VU,1.36892703657883,1.74228230137327,5.74388006580888,7.40680877687181,0.246079399618157,0.0730062097348385,6.7670676843782,0.493,0,1000,direct,Hemidactylus_gujaratensis,False,False,,,
1868,5264,Oligodon_sublineatus,,Squamata,Colubridae,VU,1.36199983750207,1.33556199994724,5.69486498127936,5.51331618085005,0.246378321381226,0.0773482693483978,4.95408117127642,0.488,0,1000,direct,Oligodon_sublineatus,False,False,,,
1873,5386,Leiolepis_boehmei,Böhme’s Butterfly Lizard,Squamata,Agamidae,VU,1.35859515368729,1.42824412269696,5.5725820811036,5.60144342617427,0.244686391138802,0.0763597582558672,4.200931600031,0.466,0,1000,direct,Leiolepis_boehmei,False,False,,,
1876,5248,Marmorosphax_boulinda,,Squamata,Scincidae,VU,1.3572029256667,0.565794953075444,5.71386441356058,1.89891767719747,0.242833172355425,0.0756443975464227,3.875559857427,0.459,0,1000,direct,Marmorosphax_boulinda,False,False,,,
1881,5259,Calumma_oshaughnessyi,O'Shaughnessy's Chameleon,Squamata,Chamaeleonidae,VU,1.35611883156883,0.578280148478212,5.70460540901151,1.83200752102801,0.242056540793805,0.0748736248550675,5.548994587648,0.459,0,1000,direct,Calumma_oshaughnessyi,False,False,,,
1883,5261,Calumma_tsaratananense,Tsaratanana Chameleon,Squamata,Chamaeleonidae,VU,1.35484580650026,0.568467413571542,5.70273317380152,1.70408049379982,0.243559229434568,0.0759020555184494,4.1207954866256,0.431,0,1000,direct,Calumma_tsaratananense,False,False,,,
1888,5285,Phyllodactylus_leoni,,Squamata,Phyllodactylidae,VU,1.35256471169833,0.722930385924141,5.67375652285882,2.5324545541293,0.246040445197903,0.076066755237063,5.01972023886646,0.453,0,1000,direct,Phyllodactylus_leoni,False,False,,,
1897,5153,Pseudocalotes_floweri,Thai False Bloodsucker,Squamata,Agamidae,VU,1.34406121472569,1.76997547332077,5.78718173476256,7.58982789905537,0.239446375814276,0.0777875937128397,6.12804942486435,0.491,0,1000,direct,Pseudocalotes_floweri,False,False,,,
1901,5317,Cyrtodactylus_auribalteatus,Golden-belted Bent-toed Gecko,Squamata,Gekkonidae,VU,1.34266473887232,1.68908970271123,5.63721449259093,6.93159940216823,0.244445834033744,0.0717740404552573,6.317218124462,0.486,0,1000,direct,Cyrtodactylus_auribalteatus,False,False,,,
1902,5205,Scelotes_uluguruensis,Uluguru Fossorial Skink,Squamata,Scincidae,VU,1.33914677133672,1.90628105100759,5.74779293018474,7.77175709308683,0.240784467536754,0.0774969689924927,6.8062399802491,0.493,0,1000,direct,Scelotes_uluguruensis,False,False,,,
1910,5377,Oligosoma_hardyi,Hardy’s Skink,Squamata,Scincidae,VU,1.33209099189526,0.517897441478508,5.5834829124247,1.80633936633241,0.245793053085138,0.0754053943225436,5.28615439360909,0.426,0,1000,direct,Oligosoma_hardyi,False,False,,,
1912,5482,Japalura_makii,Ota's Japalure,Squamata,Agamidae,VU,1.33121632384913,1.83378450964883,5.48642484846633,7.18628333082609,0.237588809412778,0.0787920325435669,6.26234548608764,0.476,0,1000,GBIF_accepted,Diploderma_makii,False,False,,,
1915,5180,Atheris_ceratophora,Usambara Eyelash Viper,Squamata,Viperidae,VU,1.32869303721858,1.35895767763953,5.76655035829948,5.41628293500139,0.24497132155228,0.0776969767095111,2.0460181156013,0.488,0,1000,direct,Atheris_ceratophora,False,False,,,
1920,5407,Cyrtodactylus_bichnganae,Bich Ngan’s Bent-toed Gecko,Squamata,Gekkonidae,VU,1.32531871339508,1.54482464215833,5.54908463935572,6.2842189729878,0.246047114936923,0.0723722824703205,6.00198969029319,0.469,0,1000,direct,Cyrtodactylus_bichnganae,False,False,,,
1926,5267,Compsophis_zeny,,Squamata,Pseudoxyrhophiidae,VU,1.3216452881646,1.43521670420776,5.69264778810943,5.71300180787058,0.241355524269544,0.0808228244269782,5.75703483640782,0.478,0,1000,direct,Compsophis_zeny,False,False,,,
1938,5548,Uta_tumidarostra,,Squamata,Phrynosomatidae,VU,1.31766582023674,1.93333110444196,5.4147462696669,7.88541511816114,0.246951304961479,0.0788202187036762,7.6224146067353,0.456,0,1000,direct,Uta_tumidarostra,False,False,,,
1947,5308,Stenocercus_dumerilii,,Squamata,Tropiduridae,VU,1.30985028098522,1.73320408921876,5.64713293593287,6.87434357428055,0.245880371379556,0.0738968778990611,5.89164887680079,0.485,0,1000,direct,Stenocercus_dumerilii,False,False,,,
1952,5217,Sphenomorphus_textum,,Squamata,Scincidae,VU,1.30869824060733,1.76654883105997,5.74055089367672,7.31165349049999,0.245555396476459,0.0761198795786326,6.53293121687973,0.49,0,1000,GBIF_accepted,Tytthoscincus_textus,False,False,,,
1955,5642,Dendrelaphis_caudolineolatus,Gunther's Bronzeback Tree Snake,Squamata,Colubridae,VU,1.30785281708175,1.7116385533632,5.30980268659861,7.01810775411415,0.247318922776503,0.0773822752973006,6.23063380011643,0.452,0,1000,direct,Dendrelaphis_caudolineolatus,False,False,,,
1958,5296,Pseudocalotes_andamanensis,Green Crestless Forest Lizard,Squamata,Agamidae,VU,1.30619099478985,1.73423459574341,5.66407379701329,7.13560627517447,0.238832480129394,0.0787790406724821,5.99419453855616,0.485,0,1000,direct,Pseudocalotes_andamanensis,False,False,,,
1973,5638,Uta_lowei,,Squamata,Phrynosomatidae,VU,1.29758176693879,2.03736822588055,5.32263684052865,8.51055236053475,0.247097726439702,0.0791280017744901,8.08023287386259,0.453,0,1000,direct,Uta_lowei,False,False,,,
1977,5563,Vipera_aspis,Asp Viper,Squamata,Viperidae,VU,1.29466110959018,0.659401903388183,5.39724513232684,2.26287046878308,0.24377404178549,0.0773025739164135,4.37482465180877,0.382,0,1000,direct,Vipera_aspis,False,False,,,
1983,5542,Haitiophis_anomalus,Hispaniola Racer,Squamata,Dipsadidae,VU,1.29243615295159,0.738091678894738,5.42434618501704,2.55351866994075,0.246200807888503,0.0735204723281177,5.24850195483133,0.408,0,1000,direct,Haitiophis_anomalus,False,False,,,
2023,5615,Stenocercus_chinchaoensis,Chinchao Whorltail Lizard,Squamata,Tropiduridae,VU,1.265008503223,1.49079923762896,5.34710023299079,6.05867362541865,0.24510385778109,0.0741308846452463,5.78100337916592,0.454,0,1000,direct,Stenocercus_chinchaoensis,False,False,,,
2035,5733,Xenochrophis_cerasogaster,Painted Keelback,Squamata,Natricidae,VU,1.25908165331104,1.55679093105058,5.20937254766279,6.54971976182368,0.246155748158664,0.0735069593297362,6.17399938733738,0.451,0,1000,direct,Xenochrophis_cerasogaster,False,False,,,
2038,5653,Cyrtodactylus_deveti,Moluccan Bow-fingered Gecko,Squamata,Gekkonidae,VU,1.25670995489534,1.65281391735552,5.30220974559813,6.90076446781091,0.245873070169276,0.0722441004532685,5.61511159797922,0.459,0,1000,direct,Cyrtodactylus_deveti,False,False,,,
2042,5611,Liolaemus_occipitalis,,Squamata,Liolaemidae,VU,1.25530843373973,1.08285607889863,5.35231117326517,4.43408495495919,0.243017431133687,0.0752091420085735,4.00117595332648,0.414,0,1000,direct,Liolaemus_occipitalis,False,False,,,
2050,5643,Podarcis_levendis,,Squamata,Lacertidae,VU,1.25121612902084,1.48051215741526,5.30936574098024,6.08815092145718,0.24164509364401,0.0780817110580953,6.71227164793,0.445,0,1000,direct,Podarcis_levendis,False,False,,,
2053,5720,Oligosoma_macgregori,MacGregor's New Zealand Skink,Squamata,Scincidae,VU,1.24966138804336,0.448275129662499,5.22805206216924,1.28088964988905,0.24543174587658,0.0759024540533292,5.0667501993117,0.273,0,1000,direct,Oligosoma_macgregori,False,False,,,
2056,5734,Oligosoma_alani,Robust Skink,Squamata,Scincidae,VU,1.24852060391384,0.44429794851863,5.2072433234571,1.31283587977592,0.24543174587658,0.0759024540533292,5.00003828111417,0.267,0,1000,direct,Oligosoma_alani,False,False,,,
2077,5673,Cnemaspis_harimau,Tiger Rock Gecko,Squamata,Gekkonidae,VU,1.23651829634655,0.681530316070087,5.27283928607493,2.37326398214461,0.245093523654252,0.0728358102571818,1.9567629294361,0.357,0,1000,direct,Cnemaspis_harimau,False,False,,,
2079,5709,Cnemaspis_affinis,Stoliczka's Gecko,Squamata,Gekkonidae,VU,1.23588228339554,0.672025090390878,5.23824198680722,2.47040129489054,0.245093523654252,0.0728793865989437,1.94203885182899,0.349,0,1000,direct,Cnemaspis_affinis,False,False,,,
2080,5789,Cnemidophorus_martyris,San Pedro Martir Whiptail,Squamata,Teiidae,VU,1.23542017344941,1.82036434358721,5.14839369923981,7.49451792184608,0.245199982726893,0.0770002784089759,6.34576849185633,0.448,0,1000,GBIF_accepted,Aspidoscelis_martyris,False,False,,,
2089,5747,Uta_encantadae,,Squamata,Phrynosomatidae,VU,1.23318137896889,1.71650072148782,5.19342787954348,7.05612545662936,0.247097726439702,0.0791728010206387,7.05505369088321,0.448,0,1000,direct,Uta_encantadae,False,False,,,
2108,5749,Thamnosophis_stumpffi,Yellow-striped Water Snake,Squamata,Pseudoxyrhophiidae,VU,1.22244306313246,0.500498773489114,5.1913489798818,1.5814377554036,0.241801666797358,0.0803710783872584,4.948433205251,0.294,0,1000,direct,Thamnosophis_stumpffi,False,False,,,
2109,6015,Lerista_rochfordensis,Rochford Slider,Squamata,Scincidae,VU,1.2216496767986,1.3976491501502,4.92060263267191,5.56338129454082,0.242636975806575,0.0822739501421475,5.75193355118946,0.432,0,1000,direct,Lerista_rochfordensis,False,False,,,
2116,5743,Bitis_heraldica,Angolan Adder,Squamata,Viperidae,VU,1.21950776779722,1.5311456354503,5.19492899784251,6.87841600862899,0.245517706643223,0.0783050684268393,5.4691809556005,0.442,0,1000,direct,Bitis_heraldica,False,False,,,
2117,5846,Dalophia_gigantea,,Squamata,Amphisbaenidae,VU,1.21817230495871,1.54805825996052,5.08209679731642,6.66625664568474,0.24086631535167,0.0731214950160014,5.62856540295703,0.444,0,1000,direct,Dalophia_gigantea,False,False,,,
2165,5812,Myron_resetari,Roebuck Bay Mangrove Snake,Squamata,Homalopsidae,VU,1.19779236014912,1.3153113912454,5.12496601252946,5.57366807606877,0.24497132155228,0.0735387688753539,5.15019228456831,0.432,0,1000,direct,Myron_resetari,False,False,,,
2168,5879,Ramphotyphlops_suluensis,,Squamata,Typhlopidae,VU,1.19691039321201,1.75300009223772,5.04433748855858,7.13530724897917,0.244075979836707,0.0750848777013778,5.53336291288389,0.442,0,1000,direct,Ramphotyphlops_suluensis,False,False,,,
2181,5876,Trachylepis_loluiensis,,Squamata,Scincidae,VU,1.19167029064537,1.41931065878354,5.04931267689644,6.14101610113258,0.23872451262967,0.0794537481914614,5.77616068594489,0.424,0,1000,direct,Trachylepis_loluiensis,False,False,,,
2202,5871,Trachylepis_lavarambo,,Squamata,Scincidae,VU,1.18139369385861,1.53527908173894,5.0526444317334,6.12829763061192,0.23872139989621,0.0794903260605028,5.8607490309523,0.431,0,1000,direct,Trachylepis_lavarambo,False,False,,,
2213,5991,Cyrtodactylus_pantiensis,Panti Mountain Bent-toed Gecko,Squamata,Gekkonidae,VU,1.1771278888552,0.756650462513676,4.94239022332392,2.93250073335906,0.245695892635065,0.0723112101272309,3.82140710087818,0.32,0,1000,direct,Cyrtodactylus_pantiensis,False,False,,,
2216,5923,Ctenotus_ora,Coastal Plains Skink,Squamata,Scincidae,VU,1.17495891843101,1.5081422803288,5.00314221769776,6.39503469581734,0.244590871258616,0.0766120063614296,5.97095977860235,0.428,0,1000,direct,Ctenotus_ora,False,False,,,
2217,6041,Bitis_gabonica,Gaboon Viper,Squamata,Viperidae,VU,1.17376881419922,0.623926825226619,4.8968079000137,2.26814704072423,0.24497132155228,0.0792807132016446,4.70297342753217,0.276,0,1000,direct,Bitis_gabonica,False,False,,,
2252,6019,Typhlops_eperopeus,Bahoruco Blindsnake,Squamata,Typhlopidae,VU,1.15927110345671,0.691632360851855,4.91662022767954,2.71700567276459,0.246609611723065,0.0753393383100032,2.46357285369321,0.296,0,1000,direct,Typhlops_eperopeus,False,False,,,
2259,5971,Dendrelaphis_schokari,,Squamata,Colubridae,VU,1.15475089109198,1.54483145305147,4.96535000463153,6.81643948235569,0.247147413620083,0.0773515830223807,5.61333124171015,0.426,0,1000,direct,Dendrelaphis_schokari,False,False,,,
2260,6002,Cyrtodactylus_huongsonensis,,Squamata,Gekkonidae,VU,1.15464992123484,1.76514946717627,4.93429036356419,7.37252800724077,0.246094267122177,0.0721796298064102,5.79454701184383,0.44,0,1000,direct,Cyrtodactylus_huongsonensis,False,False,,,
2275,6142,Lygodactylus_gravis,Usambara Dwarf Gecko,Squamata,Gekkonidae,VU,1.14805866100288,1.70880095559506,4.78432244809989,6.72419598136099,0.244895758884674,0.0798683540922326,2.09977235290441,0.402,0,1000,direct,Lygodactylus_gravis,False,False,,,
2327,6150,Cyrtodactylus_seribuatensis,Seribuat Bent-toed Gecko,Squamata,Gekkonidae,VU,1.12256996685561,0.639063747705111,4.77712062917045,2.31761021783434,0.245873070169276,0.0731332548104389,3.57011326198346,0.264,0,1000,direct,Cyrtodactylus_seribuatensis,False,False,,,
2374,6253,Riama_orcesi,,Squamata,Gymnophthalmidae,VU,1.1013024507174,1.18762357100843,4.6632550781458,4.94249371314593,0.24213730166439,0.0779579348627972,4.14493583531075,0.384,0,1000,direct,Riama_orcesi,False,False,,,
2392,6257,Aprasia_rostrata,,Squamata,Pygopodidae,VU,1.09284815887009,1.32641752255992,4.65411368249001,5.7088076899101,0.243873310412537,0.0777270311621757,5.27478565783893,0.387,0,1000,direct,Aprasia_rostrata,False,False,,,
2401,6313,Laticauda_crockeri,,Squamata,Elapidae,VU,1.09021658807718,1.31014171307081,4.58881227065739,5.13198826853058,0.245262480154485,0.0733726980285212,5.08775687242664,0.37,0,1000,direct,Laticauda_crockeri,False,False,,,
2405,6242,Trachischium_guentheri,,Squamata,Natricidae,VU,1.08947405253353,1.69768910444841,4.66918634463093,6.78220642426997,0.246200807888503,0.0760049790128625,5.7869014403346,0.408,0,1000,direct,Trachischium_guentheri,False,False,,,
2458,6338,Aspidoscelis_labialis,,Squamata,Teiidae,VU,1.07244027743711,1.56302167762129,4.562318017921,6.29268270062451,0.243981976983542,0.0757216202380656,5.81787543033251,0.407,0,1000,direct,Aspidoscelis_labialis,False,False,,,
2489,6474,Oligodon_brevicauda,Short-tailed Kukri Snake,Squamata,Colubridae,VU,1.06053520239025,1.26133374365416,4.40461454129094,5.37284384719943,0.246633823022279,0.0771089376505354,4.94677099776455,0.356,0,1000,direct,Oligodon_brevicauda,False,False,,,
2494,6404,Petracola_ventrimaculatus,Spotted Lightbulb Lizard,Squamata,Gymnophthalmidae,VU,1.05956579659168,1.27068653057297,4.49647250149902,5.19829637393679,0.241172517087211,0.0800958780533567,4.39042393637877,0.374,0,1000,direct,Petracola_ventrimaculatus,False,False,,,
2581,6502,Uropeltis_phipsonii,Phipson's Earth Snake,Squamata,Uropeltidae,VU,1.01838430975318,0.873012597238214,4.37532080687805,3.45890570253397,0.244149009477822,0.0775935819399254,4.17274804446118,0.274,0,1000,direct,Uropeltis_phipsonii,False,False,,,
2590,6593,Python_kyaiktiyo,,Squamata,Pythonidae,VU,1.01504644268143,1.22554010171912,4.27489512697669,4.94983029947109,0.243470598136701,0.0794168820578685,4.80076052596032,0.349,0,1000,direct,Python_kyaiktiyo,False,False,,,
2635,6678,Laticauda_schistorhynchus,Flat-tail Sea Snake,Squamata,Elapidae,VU,1.00214355483133,1.28500105951343,4.17858060894033,5.26329893251622,0.244269261480445,0.0724310114978426,5.12913737242227,0.335,0,1000,GBIF_accepted,Laticauda_schistorhyncha,False,False,,,
2683,6745,Oligodon_lacroixi,Lacroix Kukri Snake,Squamata,Colubridae,VU,0.983230373538372,1.20531341889566,4.11357592207868,5.08130011185166,0.247147413620083,0.0770875955817818,4.68506574604654,0.33,0,1000,direct,Oligodon_lacroixi,False,False,,,
2725,6858,Hebius_miyajimae,Maki's Keelback,Squamata,Natricidae,VU,0.967067735993015,1.17927241614955,3.99324919938158,4.87353691059522,0.245518238234228,0.0763010595447542,4.62363776665358,0.326,0,1000,direct,Hebius_miyajimae,False,False,,,
2766,6890,Oligodon_juglandifer,Walnut Kukri Snake,Squamata,Colubridae,VU,0.952480230481078,1.24543417888622,3.96709711082234,5.18504253968055,0.246953386379361,0.0772910920551571,4.54922809420078,0.318,0,1000,direct,Oligodon_juglandifer,False,False,,,
2777,6827,Saproscincus_saltus,Cape Melville Shade-skink,Squamata,Scincidae,VU,0.948010230963531,1.27124996215164,4.02881962197155,5.44207038026734,0.238774330077721,0.0794549395614408,4.89718961580083,0.352,0,1000,direct,Saproscincus_saltus,False,False,,,
2799,6898,Storeria_hidalgoensis,,Squamata,Natricidae,VU,0.939878897429524,1.05750626128777,3.95912885398483,4.54643278167183,0.243199023414841,0.0776921917027098,4.31535915065448,0.306,0,1000,direct,Storeria_hidalgoensis,False,False,,,
2806,6980,Cyrtodactylus_huynhi,Huynh’s Bent-toed Gecko,Squamata,Gekkonidae,VU,0.936485559939536,0.895045359218324,3.87286584449905,3.46889120116277,0.245873070169276,0.0721877782852782,2.1916635107044,0.261,0,1000,direct,Cyrtodactylus_huynhi,False,False,,,
2808,6882,Vipera_shemakhensis,,Squamata,Viperidae,VU,0.935895769504459,1.20244442603474,3.97745651286433,4.98861322646119,0.244269261480445,0.0766686260905339,4.28891975187697,0.331,0,1000,GBIF_accepted,Vipera_eriwanensis,False,False,,,
2812,6937,Ditaxodon_taeniatus,Hensel's Snake,Squamata,Dipsadidae,VU,0.934355042505365,1.1130640170285,3.91781952517097,4.54192699220342,0.247771617574897,0.0721413817103524,4.6726318259911,0.294,0,1000,direct,Ditaxodon_taeniatus,False,False,,,
2826,6891,Boiga_barnesii,Barnes’s Cat Snake,Squamata,Colubridae,VU,0.927467485812985,1.14168198050441,3.9658064660197,4.73915135939605,0.240793998821969,0.0775477823152231,4.00043524173004,0.324,0,1000,direct,Boiga_barnesii,False,False,,,
2859,7071,Oligodon_meyerinkii,Sulu Short-headed Snake,Squamata,Colubridae,VU,0.912205820202368,1.18026771599352,3.76050487859583,4.95564627559713,0.246378321381226,0.077139914188891,4.56498832187779,0.316,0,1000,direct,Oligodon_meyerinkii,False,False,,,
2869,7139,Oligodon_erythrorhachis,Namsang Kukri Snake,Squamata,Colubridae,VU,0.909154054458152,1.22170695178937,3.67926848906907,5.2447945624156,0.246378321381226,0.0770302882356417,4.56092600476482,0.334,0,1000,direct,Oligodon_erythrorhachis,False,False,,,
2870,7057,Oligodon_pulcherrimus,,Squamata,Colubridae,VU,0.908686705963594,1.24289399710983,3.77589254537936,4.98578917321003,0.246291871791583,0.0773482693483978,4.53324995565397,0.325,0,1000,direct,Oligodon_pulcherrimus,False,False,,,
2929,7158,Trimeresurus_honsonensis,Hon Son Pit Viper,Squamata,Viperidae,VU,0.888105927529797,1.11030039676762,3.66197439930463,4.42648941801248,0.242673430994689,0.0765019931583974,4.15345762903635,0.278,0,1000,direct,Trimeresurus_honsonensis,False,False,,,
2977,7141,Tropidurus_xanthochilus,,Squamata,Tropiduridae,VU,0.870282380243442,1.04507355925074,3.67718703292519,4.31977822177354,0.243887412576135,0.0755199165192687,4.2995863005559,0.276,0,1000,direct,Tropidurus_xanthochilus,False,False,,,
3121,7317,Emoia_erronan,Erronan Treeskink,Squamata,Scincidae,VU,0.825089108889211,0.989079766703043,3.49241021448573,3.96972566814939,0.24244075015317,0.0768359980932576,3.71938704924749,0.254,0,1000,direct,Emoia_erronan,False,False,,,
3123,7251,Niveoscincus_palfreymani,Pedra Branca Cool-skink,Squamata,Scincidae,VU,0.824020555895237,1.00682928576312,3.56113337817465,4.19809526140527,0.239791923022271,0.0784135630274514,4.06833664414433,0.263,0,1000,GBIF_accepted,Carinascincus_palfreymani,False,False,,,
3176,7362,Trimeresurus_rubeus,Ruby-eyed Green Pitviper,Squamata,Viperidae,VU,0.804922542560464,1.17732833667073,3.44642888361754,4.72758517713102,0.245378121525951,0.0750116650563534,4.175158934599,0.279,0,1000,direct,Trimeresurus_rubeus,False,False,,,
3206,7538,Afrotyphlops_gierrai,,Squamata,Typhlopidae,VU,0.79524190373959,1.08258335783653,3.2779562709017,4.7177192287872,0.244509170238953,0.0763486007544642,3.9772796673703,0.28,0,1000,direct,Afrotyphlops_gierrai,False,False,,,
3215,7465,Emoia_tuitarere,,Squamata,Scincidae,VU,0.793163837800943,0.988149894791048,3.34331755536739,4.21246448143395,0.242362982395917,0.0758719633129706,3.80981122288189,0.252,0,1000,direct,Emoia_tuitarere,False,False,,,
3251,7438,Riama_vespertina,,Squamata,Gymnophthalmidae,VU,0.780226447119914,0.909244198595807,3.36364955130659,3.85928616170926,0.241172517087211,0.0781053701159299,3.43650770216491,0.251,0,1000,GBIF_iucn_link,Riama_vespertina,False,False,,,
3269,7618,Rabdion_forsteni,,Squamata,Calamariidae,VU,0.775208681270954,1.28739581313481,3.20209868030469,5.22117464106275,0.246091136198321,0.078826516555168,4.36955300637872,0.289,0,1000,direct,Rabdion_forsteni,False,False,,,
3521,7972,Niveoscincus_microlepidotus,Boulder Cool-skink,Squamata,Scincidae,VU,0.703707147007951,1.01553176465891,2.89546240528618,4.29612311890348,0.239858205969232,0.0784135630274514,3.83253742271162,0.251,0,1000,GBIF_accepted,Carinascincus_microlepidotus,False,False,,,
