tree,PD,ePDloss
1,133241.014472678,14824.4526586979
2,121243.294083308,13275.6833287202
3,121754.102420146,13365.8354223361
4,127727.563211744,14166.2281710954
5,128283.644923141,14045.5600943144
6,126193.768630359,13857.7390904441
7,125535.868207231,13757.7201744921
8,126953.510371121,13798.8762581496
9,129581.983716958,13859.8125761124
10,128532.877112071,14262.5668862155
11,128840.724174466,13753.0388384154
12,124858.987921747,13774.1380736917
13,127222.255955087,13436.1601656508
14,123145.873722178,13157.0663398507
15,123267.06500356,13393.0962860102
16,125117.715142444,13639.3737886462
17,124133.831558573,13532.5016791663
18,124703.522938001,13362.777973851
19,123459.432261218,14072.0363590311
20,135524.118046973,14943.2022790384
21,132735.67466603,14521.7947656413
22,134183.565594869,14500.2482421456
23,133099.347269299,14201.2534464214
24,127504.750541601,13632.1743943514
25,124366.958388321,13523.3897454931
26,126462.169339015,14242.4632990345
27,122101.911077612,13195.781914984
28,123364.266058524,13285.4421023562
29,122660.440434057,13472.167760622
30,123608.765388967,13259.8817559603
31,123785.898014912,13376.3153066625
32,126254.086965627,13994.5531621431
33,124844.087925476,13658.0079595267
34,123760.86088958,13437.5669233835
35,122787.363981992,13514.8959184244
36,121035.405967147,13044.4063169015
37,122776.031349632,13412.8505461004
38,124440.341485473,13457.8462749154
39,123888.056374821,13678.4636104349
40,121526.535404224,13181.7095478128
41,126462.980886615,13790.746357459
42,127620.00852583,14268.4784227155
43,127171.819448548,14005.7655947503
44,124290.324404419,13778.2051924803
45,126117.773089936,13716.5672652962
46,130474.26313513,14034.0316265155
47,132465.70375649,14630.7300413466
48,129346.785520739,14465.8454913913
49,127975.426530414,13825.1179697754
50,127482.642117137,14200.5841717265
51,133198.666701859,14916.1247130651
52,123230.895867338,13416.3755485631
53,124355.390748839,13829.5036066615
54,124294.509200794,13603.1581060019
55,125261.695699682,13275.7259887932
56,126591.799618267,13724.1284720152
57,126717.867401639,14080.1156195767
58,129324.579959485,14352.1404135819
59,125824.23747861,13623.9009818456
60,127076.267602505,13783.8918801625
61,123924.803538164,13739.7448585582
62,126527.265260257,14005.0632305647
63,127252.863546896,13983.450124485
64,133483.267701411,14517.0284577391
65,128819.317790461,14343.3085293728
66,128759.386786272,14045.3918349341
67,127481.821311273,14060.6874558902
68,122740.863027623,13394.6046579278
69,124655.513014776,13441.0979671069
70,122294.695454644,13174.1186543941
71,123526.124067724,13532.8008712456
72,123973.001465672,13690.9412696971
73,126130.543449099,13770.5527185588
74,126867.339130406,14135.3470697301
75,126718.804450689,13575.7810940043
76,128733.691385317,14036.0672033823
77,129172.690444662,14120.5266309663
78,128576.708650713,13972.191961911
79,127145.783103076,13748.721543568
80,128694.283937538,14319.2095418429
81,126892.913391227,14110.7235366407
82,133395.837532702,14847.0807002691
83,133022.847793134,14770.1254270454
84,126443.920499514,14126.5483449497
85,126020.628821696,13921.1485202122
86,125877.593888563,13937.3774343127
87,126389.430318768,13811.8199767021
88,125982.404945767,13492.8014571335
89,126985.734105762,13756.4230080256
90,125124.661961245,13759.3178951278
91,133842.130256949,14832.7785150164
92,128536.571354265,14036.9182912901
93,126640.52341223,13944.4919837523
94,125155.706208868,14200.5238091635
95,125640.328649964,13819.7278580004
96,138600.637957296,14901.6607607456
97,126699.392830298,14080.6893716369
98,126861.919704236,13965.1814357103
99,127881.198540246,14320.3544788545
100,124602.892917374,13502.7244114513
101,128095.644623722,13588.3948326084
102,127302.983474968,14120.9194025622
103,136457.346777947,14645.7936977978
104,126119.26993703,13480.6359086038
105,126850.029951599,13732.733514985
106,127908.870759422,14122.0667825953
107,141209.327072884,15415.3242491674
108,140666.890096763,15188.6426896751
109,129885.498682601,14184.9592316538
110,129996.149206961,13909.3795121907
111,129772.433705187,14040.0734768667
112,128843.17216765,13964.3567773082
113,130086.287424682,14899.7032259104
114,131176.828338918,14707.392611239
115,134796.580036458,14926.3769017834
116,134662.568959462,14425.1343053421
117,134928.553860405,14822.2366017715
118,136132.964933535,14676.4686524095
119,133708.304714771,14518.5285918778
120,136178.549657225,14392.8556963242
121,141383.922831149,15371.1969839747
122,137446.392677907,14493.5491024234
123,139496.292207822,14685.3139871341
124,140177.66273791,14661.3229237281
125,137118.966642449,14825.9080770962
126,135132.557958292,14735.6482464129
127,138780.977554138,15084.464040103
128,139682.079645853,15710.1565299767
129,138975.039883256,15358.1227892554
130,137729.678112153,14931.1768640469
131,136770.970349739,14818.6400507638
132,137246.424419683,14796.7595499477
133,138966.990097358,15287.8063823124
134,134834.404286631,14323.9038235058
135,135498.372402204,14708.6861675922
136,135487.205161531,14407.1254133934
137,136345.193109663,14714.4422511448
138,137330.940856162,15191.2171090335
139,142092.550322313,15478.2579222503
140,138059.15024946,15080.4553843688
141,135862.249501706,14726.8591254335
142,136021.216663407,14749.9178717718
143,134064.048238369,14725.3210435413
144,137969.142391377,15029.7252283417
145,139682.347833352,15337.7931635949
146,140773.939422611,15453.0366169431
147,139886.323251309,15493.2640412443
148,141387.816143974,15232.5327484548
149,142134.550916678,16058.218994005
150,140437.555311315,15273.9901482763
151,141124.365383044,15380.8084900282
152,140407.262579844,15052.477997104
153,143882.320995532,15729.2495994994
154,138701.670604471,14723.7076408742
155,140565.736257257,15045.920782468
156,140242.939465079,15031.3563808393
157,138825.479108619,15232.7257646424
158,141676.915032589,15042.3044445532
159,140125.154571059,14769.6920668977
160,137562.693727398,15017.5242842773
161,140874.653620815,15010.647380205
162,139204.890134297,15224.2030304645
163,140090.703374599,15176.3798428092
164,127888.223732274,13610.9684701334
165,125740.981530101,13900.8045998841
166,124800.745239067,13144.8946489084
167,127195.44662614,13903.5102333831
168,125577.334113635,13507.855995183
169,134454.79877827,14733.4987173158
170,137759.43853879,14694.1627179646
171,119146.867094394,12881.9610908727
172,122545.783516701,13359.9965565083
173,122421.535948534,13203.1287172799
174,123525.60524129,13665.7501869202
175,123388.412942525,13535.117894628
176,123093.086410137,13415.0256678929
177,126416.162592348,13694.945899805
178,125300.164799766,13534.8039215972
179,121323.351983614,12722.9406598068
180,124214.011802891,13558.9670672175
181,137689.235127481,15215.1808663277
182,122042.023994893,13041.2000217861
183,140104.132675354,15496.3736464366
184,137537.174416265,15450.412140393
185,138002.872911957,15064.1756923762
186,135609.255448054,14997.3192345916
187,125422.624105956,13885.500844406
188,125945.371571736,14086.7168928524
189,124158.121505753,13322.034160338
190,120294.60061649,13320.8949109648
191,124499.239178918,13650.2804818138
192,122283.261627893,13536.6520878199
193,122712.997219974,13312.933277176
194,131595.691166627,14340.6235902535
195,120244.146167084,12873.5040667053
196,134375.654833629,14603.3153041996
197,118433.038032766,13159.2333255823
198,121207.088838652,13101.893588901
199,122662.986855579,13705.8427817059
200,120688.118800114,13251.9246497175
201,122609.442730402,13758.3168387047
202,121631.153813181,13452.4090329537
203,120701.778979919,13138.1915419231
204,121889.852074162,13225.7632135049
205,120984.827033153,13047.8134262336
206,120649.315227354,13361.3236787895
207,117376.702707229,12879.739263595
208,120733.119177347,13500.3878849157
209,120690.660266671,13058.1563654126
210,119592.806073288,13049.469970618
211,121826.587049489,13493.0043485076
212,124839.309690785,13873.1969375433
213,124803.255203653,13622.5494435709
214,124467.739433716,13416.0131213192
215,124144.587161734,13857.6095431141
216,125155.229385372,13735.0974279875
217,126770.341328815,14084.2158162275
218,127908.384678665,13990.5817784072
219,128291.586527685,13792.5237812464
220,123972.367538498,13439.7211684884
221,127056.4054773,13980.2968372159
222,126674.327233272,14010.8831022107
223,127035.623248508,13902.1602138496
224,130198.827745276,13994.1724199654
225,123674.595088402,13275.0772279206
226,127209.800678569,13747.864422572
227,127016.042017415,13692.3123330989
228,127429.907308989,13837.3294080442
229,126401.469830839,13507.3674395401
230,126614.551675284,13849.2578318864
231,121411.011793629,12914.9142849155
232,126644.535771158,13485.3685213277
233,128111.30083841,14043.5656477631
234,126139.169519681,13949.9644216701
235,128565.505394429,13979.9960863939
236,128628.868966716,14035.4827717262
237,129226.203837536,14244.1628816186
238,128979.616416295,13923.5654216193
239,128207.674449824,14029.2461620418
240,128291.253900562,13586.4510326587
241,126915.483009534,13740.9868407654
242,126998.479970253,14014.8071864291
243,125357.55723835,13470.983672159
244,129079.884479605,14029.5980514853
245,133688.027736239,14456.3737489468
246,129467.002114486,13969.9084547844
247,126800.872322926,13916.8261846664
248,128633.264779841,13799.454039146
249,130885.235519427,14502.8399791125
250,127108.896408666,13675.2514452881
251,128579.623668758,13756.6466738475
252,125030.646978175,13835.3837864233
253,125569.990298575,13432.9481222009
254,130502.819087508,14350.3741503162
255,128849.598442559,13723.2753014062
256,133598.614035362,14212.8049419544
257,130461.99415089,14031.3818664678
258,128019.887711404,14061.2529540159
259,129554.416334724,13783.5299628944
260,126717.168313196,13603.5292585385
261,130768.304807377,13908.1226934543
262,125811.766962386,13839.2099093529
263,130306.113340326,14146.0281084306
264,123088.098263617,13678.7963093365
265,125965.42096569,13961.3580046567
266,124796.932361783,13694.3446493218
267,121115.780650162,13351.4056516892
268,132150.777746693,14372.5482311265
269,131008.704257819,14311.7696700153
270,128097.778973239,14363.0640217728
271,128771.263087122,13952.2376387685
272,126722.680331152,13611.9549624594
273,129693.777296678,14141.7302385098
274,125540.027049318,13482.9261745465
275,126694.485769437,14081.0597191227
276,125500.221676759,13331.7721731942
277,126784.777442585,13795.6688714427
278,128608.464949032,14170.5270304717
279,127130.076251314,13645.9644996376
280,123764.170287439,13233.6367570522
281,126336.22770111,13898.8465725065
282,124988.815521352,13797.3900259375
283,125844.679322611,13594.5894917288
284,125555.0161875,13576.8563056841
285,124861.519132511,13429.678391061
286,126193.324619895,13559.3637250483
287,125320.09709013,13518.1872979201
288,125472.940272963,13251.6082574542
289,126217.562279599,14031.7679349515
290,126055.249022053,13618.784487601
291,124806.13823699,13809.5640670128
292,125044.406850979,13821.479445956
293,124912.03389071,13455.8164160286
294,127072.888562128,14063.0115704497
295,127041.527435562,13990.8398861825
296,125654.439523203,13591.6287157693
297,126671.003407821,13870.6734665622
298,128723.543416113,14069.3318792408
299,132881.23082176,14402.2732017096
300,120920.8507754,13372.2636249647
301,132139.357836372,14571.9348348507
302,128198.449469741,13708.3462811883
303,129482.757634643,14256.899217281
304,131156.502558568,14379.1346239088
305,130698.328412422,14572.7078026401
306,134003.219175586,15078.1706020884
307,130914.689822968,14761.6544788346
308,131989.774609563,14569.8107381218
309,131075.18898238,14900.4585381988
310,132106.076360833,14618.1733641725
311,130890.228266851,14287.3370131456
312,127543.823743374,13714.8178951828
313,125188.767262359,13618.424452204
314,126710.092240974,14175.0634284083
315,126665.72336865,14034.5605651255
316,129781.673446067,13935.449672406
317,127306.287683092,13509.0894042006
318,129414.784642919,13815.9008961219
319,127718.2074951,13885.8052674283
320,128433.79837135,14057.2244633083
321,128902.447202179,14036.0110101846
322,130080.072349019,14553.3506437802
323,130953.098169625,14698.9300839654
324,130834.039869331,14278.0268411184
325,127389.429909914,13886.2788539035
326,128680.559012295,14000.5992799941
327,131065.320938964,14413.5000645389
328,130593.030798556,13749.6242210129
329,131777.133759156,14246.7712111333
330,130336.14525159,14150.7223012804
331,131168.465073836,14494.3536720331
332,131185.131886276,14217.763126882
333,129150.051998301,14353.5890992054
334,127640.248941512,14147.7838733557
335,138409.685245839,14988.0193920438
336,129866.416802149,14226.7485705808
337,127281.379273441,13707.7730361861
338,126472.974592431,13543.4835360979
339,128599.875041042,13985.0570305462
340,127813.528356054,13972.9632557706
341,129300.327765318,14022.5993260248
342,127021.363390625,13853.7153420376
343,129538.463415815,14566.7916920805
344,128891.732343351,14383.6853606451
345,124993.705051143,13449.4849793722
346,127812.638261656,13944.9621665369
347,126733.576529776,14124.1038850287
348,127016.586054098,14003.5618674194
349,128484.219787332,14226.9649364458
350,128785.053469049,14213.487631685
351,127743.254356055,14161.8507942333
352,128155.8250265,13862.8968215729
353,130130.380557478,14543.5357860368
354,127274.760602686,13674.0190600752
355,123703.005556136,13386.1229659073
356,126591.680154533,14425.6926749261
357,115702.7784379,12523.974819922
358,128388.989654152,14097.7690484957
359,126266.575924284,13343.8447314573
360,126560.547884764,14453.838776554
361,128434.259836623,14264.535878265
362,125092.704179889,13774.0520658772
363,130661.822049385,14323.7703959437
364,129806.261998788,14054.4261459849
365,129788.615275661,14487.0196172047
366,135173.182407032,14993.6295399416
367,129594.651821029,14028.1182345861
368,134856.651919742,14556.1981872312
369,128365.542059306,14351.7871247596
370,135097.01158956,14893.3019880641
371,125204.527438143,13511.7620001279
372,135128.192840023,14461.2681642794
373,129530.709539564,14363.3237318579
374,128806.471760404,14439.6592422249
375,126803.448422905,14051.2645730122
376,128274.983229615,14066.4248573158
377,126693.003699457,13984.916456065
378,125417.131183332,13651.7986463685
379,124889.365725456,13556.9052673993
380,127806.930341803,13960.8573929408
381,127567.775215425,13739.7532049835
382,129034.160081562,14313.0668464441
383,129590.030822832,14267.7923096424
384,127111.537028219,14074.2757149883
385,126633.665162797,13607.4641102018
386,123364.993423777,13509.9152383235
387,130645.107648926,14420.5482595004
388,126979.144456545,14142.4691264523
389,130834.070140971,14056.9567703613
390,128897.728621198,13486.7834440855
391,128710.327084361,13922.9072523597
392,127003.071156215,13726.4973146675
393,131446.213071729,14026.4770974265
394,131171.881814424,14218.3001432385
395,128990.611237633,13757.8187451382
396,131185.108834454,14044.7421568672
397,131826.3848589,14186.192347416
398,135180.871516675,14354.3655413923
399,132915.120124227,14330.9692951084
400,131475.168591169,14622.7146506076
401,134291.787295639,14422.6431638882
402,133278.387369603,14425.411153938
403,132544.769043474,14280.9633641486
404,131061.954632393,13959.0091971704
405,129663.346618903,14086.2425845875
406,132924.012854299,14258.9637719832
407,127508.910559826,13652.3410253833
408,125055.408340824,13541.6053051799
409,128019.175301094,13747.9990808634
410,126093.796594062,13500.0583215911
411,128651.500805658,13887.0214848161
412,132663.019639136,14590.6082035088
413,129563.951506949,14071.0913630721
414,129248.411574932,14293.2351397026
415,131391.281368098,14517.5026465013
416,131818.743268325,14478.4707686555
417,133155.12296017,14915.1615847688
418,135197.402192313,14842.7532804162
419,134871.586845383,14768.2753841067
420,133034.082486773,14540.8605975254
421,132456.002223516,14923.1397750386
422,134977.469241702,14721.0521517469
423,132091.573499589,14716.5122778766
424,131181.595905851,14527.0111609283
425,132438.442760149,14560.2668462262
426,130683.121349532,14369.9736246694
427,131806.697509716,14599.0586306853
428,129281.477879761,14215.0380958219
429,130644.542969331,14410.9070795779
430,127964.650628503,14148.183502027
431,127311.410473067,14278.9333666523
432,126635.027563702,13974.0314724833
433,127249.157997789,13576.054504804
434,127663.005869062,13962.4558225518
435,128358.736418188,13991.1214813836
436,124254.008451782,13226.1178590182
437,126360.516362299,13817.9440657579
438,125377.075625878,13740.0613160031
439,130732.516023165,14082.7053564009
440,131385.845650543,14378.5392731928
441,134148.167895446,14298.3916140074
442,135536.720394963,14501.935315548
443,132434.632867641,14512.8229842893
444,132709.776893016,14542.388468097
445,126101.049311641,13789.0714873133
446,133664.168354222,14417.1955845449
447,129514.228918142,13776.525248437
448,126387.846289839,13636.8034303317
449,128232.487349909,13710.4874336805
450,131538.120235054,14083.2043337767
451,131140.799590283,14002.3674076034
452,125304.966544956,13630.2762605756
453,124505.718040896,13462.9141185893
454,123348.373236272,13215.8325028352
455,126134.640863121,13829.3242625869
456,124137.504991474,13501.5049915848
457,126563.205903813,13737.3706126449
458,126063.137070336,13635.1983500712
459,132050.081662676,14231.0353952504
460,129597.976918455,13757.0251621698
461,129215.804709383,14039.10217585
462,127874.980591015,13304.2781228359
463,132713.777849876,14356.9565118278
464,126493.358522365,13579.2402666803
465,129619.534584325,13724.9877128394
466,130310.463943872,14058.5544769168
467,134530.509342245,14578.0242460037
468,134633.353567907,14328.6261405112
469,133036.327684741,14633.8411823913
470,135140.293534313,14572.3499868951
471,131522.883583312,13959.2438122914
472,132383.837907836,13946.710928407
473,132162.276158332,14237.7620774615
474,133028.290411218,14224.2809404327
475,131285.455093239,14054.9434698787
476,128372.733407518,13274.5905484291
477,130820.589208744,14200.4971746772
478,126301.170134064,13825.902621016
479,127716.09952231,13690.2873773152
480,128996.873451406,13655.4462790591
481,128473.393182934,14009.3662504135
482,131654.429554976,14569.4132656203
483,131218.231142533,13954.4944717508
484,130100.578559104,14241.8159376855
485,132445.473872862,14346.2407254367
486,125924.941257129,13344.4290475517
487,126109.361399661,13634.8489757063
488,124503.862957494,13283.0041108332
489,125450.010000692,13445.1276763762
490,123136.308692903,12860.2955064631
491,127484.366627933,13499.0286655807
492,128521.569694013,13641.1707419256
493,133789.165789078,14269.5499876199
494,129318.415085727,13881.2681077934
495,128963.941939226,14150.94917744
496,131113.432083556,14204.6491853843
497,130968.718371757,14011.4810606164
498,119751.670502057,13039.0281583049
499,130599.992269564,14038.5023781727
500,119854.340175511,13021.1322049569
501,124209.665955037,13486.5252041626
502,124003.98578417,13546.0160668015
503,125828.570962347,13790.0595589651
504,132850.787216849,14074.0883500205
505,131577.322340975,14082.7158652306
506,127328.284901395,13862.2571411714
507,123684.73514156,13596.5551065731
508,124168.328901823,13266.1594811176
509,126329.836980471,13729.8701158597
510,126952.666161376,13680.2520045621
511,127456.007224953,13755.7442882383
512,125512.086061156,13488.1344516288
513,130229.209399859,14133.1067278177
514,128510.116196175,13886.6125684455
515,125188.237000054,14123.6077443959
516,125580.011517967,13585.5831828018
517,124937.952245522,13381.2996777435
518,126203.939090009,13958.6782007747
519,129285.516403379,14261.8829688319
520,129406.626016774,14541.2735290887
521,130702.682236513,14729.7824232156
522,128330.545610472,14198.8337810224
523,128048.345549127,13975.7260633766
524,127217.595714253,13834.5421127255
525,126965.571570108,14062.898301473
526,126177.365645218,13797.7592194032
527,127046.73643526,14041.8929328473
528,125878.940947393,13522.5473074249
529,126421.259877093,14172.6521819773
530,125820.509801854,13859.9334857119
531,127999.746037741,14132.7344754069
532,127084.882359775,13686.0783264053
533,127376.659866943,13634.1734242427
534,127552.211502497,14060.1779031524
535,129436.031036598,14065.3315995333
536,127882.100735383,13919.5465853407
537,129870.448103868,14227.0472138241
538,127054.836615271,13676.0770151613
539,125056.918152471,13246.6193705853
540,126332.46322247,13486.4623508139
541,126098.864471749,13772.3087976978
542,124612.904961462,13597.2664298614
543,123482.187387868,13532.8815186811
544,123603.440791874,13057.9500265354
545,121677.405567265,13119.509330815
546,122979.08112106,13370.2044633581
547,123495.187851366,13427.3444851766
548,121819.463448838,13057.5379741943
549,124545.858855182,13833.659666787
550,127876.883073782,13692.314536688
551,127523.662706156,13744.5038105787
552,124662.422082238,13208.4157809045
553,122800.72413884,13240.8848141156
554,122313.173357633,13282.0213675981
555,126012.071219871,13486.7350334545
556,126864.553954443,13662.9388319893
557,126877.898774925,13760.6336502559
558,128172.948654849,13654.836518347
559,127830.414834826,14085.4051286116
560,128864.808015093,14000.9276389643
561,128238.501279237,14115.4452685262
562,128692.695382114,13453.5107929485
563,126622.440458979,13556.4992532348
564,129993.402588675,14055.4373667137
565,125843.578402494,13835.6519874214
566,125312.396995216,13631.3616787255
567,127567.758466372,13791.7105864274
568,125179.715068948,13667.9254370627
569,125853.451160757,13344.7543347201
570,125274.606948209,13337.4134276479
571,130309.759651407,14461.0940246722
572,129485.383576406,14086.8133618538
573,126782.436607478,13990.4430721765
574,127904.338817712,13743.1131000341
575,126454.61693121,13821.6788036078
576,124988.268171521,13278.3033763472
577,131117.505485249,14265.245936667
578,128832.831849138,14047.5195813107
579,128275.521837404,14015.8411404615
580,127958.832822252,13707.53989522
581,126409.176495089,13837.8058245728
582,125436.991656131,13543.7878039
583,126604.513697681,13997.9465749062
584,126482.738897317,13835.2752806358
585,127295.168345094,13953.1245411776
586,125861.787818934,13132.0443409386
587,127433.219057177,13977.1630376419
588,133855.35817225,14272.0550796864
589,122600.172740223,13166.1156077352
590,134391.831168485,14675.2798355716
591,139450.785010259,14842.455681177
592,124731.640903104,13587.1436063859
593,125967.307489217,13522.732025842
594,127032.075745909,13509.0450297871
595,126096.930233126,13604.1345144716
596,128460.249325163,13741.9419844888
597,127702.076147297,13686.8294657158
598,126446.429884149,13474.2710008683
599,130487.201039259,14555.1093479098
600,129979.402266591,14030.461345357
601,128404.051662321,14099.567372328
602,124056.982480427,13192.3138875618
603,125729.323105349,13934.4385054887
604,127471.247385059,14055.6109188507
605,126993.797668367,13805.2518968646
606,129222.004506065,13749.8622356196
607,126517.792354311,13804.8815914408
608,127737.987438563,13563.4000562306
609,127511.439914951,13635.31984485
610,126701.564657223,13520.1331521047
611,123886.291885257,13771.4728778234
612,126150.160467331,13492.3688554365
613,124838.478530649,13452.8030046833
614,124303.501424526,13482.9291489411
615,124459.549180297,13613.194805072
616,122447.605388597,13549.7847189639
617,122840.937972684,13228.3802341754
618,124344.687103763,13510.560096141
619,124270.963635738,13163.9896076541
620,121788.805478636,13082.4047665786
621,122433.529923372,13314.6775346996
622,121076.076614631,12693.9770855579
623,131691.064919482,14287.042190609
624,121997.543836322,13191.3711434372
625,124233.304191119,13731.4358313591
626,124797.634431097,13303.605753839
627,121526.251850274,13178.5643213039
628,121206.491033381,13466.6560083677
629,122108.997210704,13198.1716341273
630,121156.144931887,13003.5866363001
631,122877.352384583,13014.9323789854
632,121799.10489256,13040.1121633085
633,123440.652175271,13441.803244856
634,124620.596547845,13464.0508336448
635,122769.788582604,13075.3961474224
636,125860.863367334,13660.6619146277
637,124357.518611518,13193.4096211014
638,126347.827149251,13207.2273323606
639,127442.231635156,13570.7754528624
640,126979.948949723,13644.1321903762
641,128869.350303441,13938.6400690304
642,125001.732542383,13475.995845227
643,127982.98795844,13866.5679165229
644,129372.2904893,13856.8850252595
645,128140.462867778,13576.0278404566
646,128078.599563314,13684.8713778053
647,129952.110037628,13940.0369034764
648,128549.562870701,13678.1213770631
649,131256.472360684,14236.6184849314
650,132434.052804301,14432.0852492664
651,129359.251022201,14299.7149144901
652,129572.024147179,14153.1240646549
653,130197.127592287,14236.3795459765
654,130552.494088894,14027.3058890204
655,132830.620797772,14511.570910509
656,132635.251778956,14405.6052843647
657,129602.362408398,14505.5545994581
658,131484.924300367,14481.2509931638
659,130840.240855906,13983.4409477046
660,129172.772198887,13992.5209164974
661,129730.402539847,14248.9861832892
662,128452.400273528,13886.2053437853
663,125782.907086076,13569.7622755162
664,126413.894830634,13479.6046317037
665,128165.634435402,14100.9960033657
666,127144.688892192,13746.8222716953
667,129110.657944994,13928.0408738235
668,127862.943403613,13920.1102102167
669,133567.308018568,14707.775040134
670,124539.425703857,13325.1489917458
671,124015.595867938,13411.3692892595
672,123666.789285369,12982.326725571
673,125874.933423699,13041.836722131
674,128529.206798708,14015.855985006
675,124753.35989311,13617.4381044595
676,127486.669115981,13889.229602792
677,122776.372921708,13209.5949933395
678,125796.156658356,13455.3010685828
679,126407.590836799,13664.6694574786
680,124784.477321441,13673.7170400589
681,129440.406569476,14057.9646757811
682,131635.973983491,14342.5467663943
683,121927.245904938,13182.5820367257
684,122842.430029851,12797.2191002991
685,125271.88305281,13741.3392652107
686,129447.582633859,14218.9712467138
687,127531.136167513,14336.1171173047
688,130915.247874856,14706.0115959727
689,127329.903477486,14024.3323864129
690,126441.689625201,13841.3099486381
691,127252.577173623,13978.7285859574
692,129717.076940999,14162.7824560138
693,122755.7355527,13423.201482741
694,128509.160731559,13504.1869807766
695,132441.755992732,14530.4243837354
696,125159.584899709,13478.7615845847
697,130550.072715862,14245.0686336881
698,125488.153994886,13492.5949465244
699,124769.151985952,13644.1226538258
700,124897.311106444,13940.0265720453
701,124829.294430521,13581.8858921592
702,125217.815491258,13811.3844179504
703,128087.942138571,13921.0474878445
704,128014.208543174,14130.6568116586
705,129895.673726848,14085.4453509256
706,132297.489416628,14584.4582905118
707,129170.792031173,14120.9149687552
708,126938.741268731,13524.0186977892
709,128156.53840091,13658.7462246758
710,124357.11430309,13356.872178424
711,124426.23291977,13811.895544793
712,125420.996736429,13583.1728296847
713,123401.394498651,13706.5678846915
714,124469.928713422,13138.1372907144
715,123612.676061024,13444.7587008009
716,125778.539784185,13583.6709552769
717,121422.032508353,12692.4657450603
718,120495.535170063,12960.1265714028
719,121631.800634687,13174.0972492061
720,122411.067792585,13339.8453321241
721,121982.539851613,13137.6039358667
722,129194.493383346,13911.9198144515
723,120159.475660802,12968.2817301416
724,119467.182897863,12835.9137227764
725,117418.318426965,12878.6840325099
726,118400.978794452,12782.0532247625
727,120450.997007448,13484.4179209292
728,123070.236581994,13149.2006961868
729,119577.410355337,12672.1327035219
730,117100.494679749,12572.538798272
731,133557.812945258,14584.7933294285
732,122415.730609926,13168.6548194619
733,118050.470064117,12840.4984718556
734,118318.742822543,12882.6022602432
735,118075.612216599,12535.2029109283
736,116349.792975131,12718.8414181066
737,115205.942754238,12639.2116269576
738,118617.773303698,13127.0565541463
739,128292.367041929,13984.8596527609
740,119311.109642762,12710.2659856119
741,115300.743980894,12241.8070843913
742,117669.421933384,12566.9911070275
743,119072.065421412,12882.634557407
744,117810.607599222,12422.1417769337
745,119062.720886971,13130.5396060119
746,117991.072506022,12626.8808897606
747,124207.796096846,13475.5132068169
748,118635.016795763,12503.6618135004
749,121605.951477271,12882.1517109136
750,119784.269262772,12817.0869252028
751,121105.017295464,13031.2364089152
752,123272.756959905,13501.4731269433
753,124058.568487173,13368.4084782616
754,122285.589804825,12872.6889304016
755,122445.486169141,13294.0010283624
756,120543.155350072,12882.0743027815
757,119346.283853315,13103.5532748788
758,121207.486537333,13065.1705933696
759,119557.303616566,12920.1952296961
760,120303.111808239,12667.7486268373
761,123432.499786503,13583.2234088312
762,125800.703618751,13542.1707512834
763,129842.996261631,14044.6241515796
764,128188.48300227,13822.948514253
765,130611.078413378,13965.9761059889
766,124143.176304811,13338.7415744046
767,135123.238937682,14693.1368174681
768,128785.003984142,13787.3216878948
769,134737.205842824,14599.4395620891
770,130403.087089014,14164.6336555594
771,130857.447660278,13961.1056015561
772,129506.834831262,14046.4135148781
773,129493.469898756,14187.7678882403
774,134350.03627696,14655.8282345553
775,128520.01119993,14234.4575151231
776,135852.211651111,14850.1426037963
777,127544.54285854,13717.0276227176
778,126852.817850917,13624.2241692696
779,126047.885113031,13712.6866436531
780,124104.689160504,13417.3141752004
781,131210.552521362,14293.4307526815
782,126300.3015396,13843.8594685699
783,131444.764140244,14317.2364373621
784,126810.521213846,14089.140245905
785,130474.739729091,14322.5037962992
786,131372.675984018,14434.3454744518
787,127398.35576126,14413.1956961094
788,129370.939399277,14052.6583287363
789,125181.479627195,13945.3414467725
790,126346.247242693,13863.2042130682
791,126658.678522565,13767.9294049198
792,128671.099572105,14092.1636316217
793,126705.224851231,13830.1703756868
794,131368.577204718,14296.3956410305
795,130083.237547838,14278.8316115724
796,131757.619939516,14145.4862070889
797,129890.516243013,13843.5778285762
798,127080.930082679,14028.8925297108
799,125035.978541498,13770.9593770544
800,125513.281073072,13507.1762466005
801,125283.672555964,13454.7034976814
802,128307.770347864,14055.5722290645
803,126784.969890252,13581.2329903925
804,124303.169062539,13374.8221335107
805,126991.704814287,13671.1902219875
806,121173.65735617,13016.072290823
807,120277.697914304,13424.8770801222
808,123843.478106995,12933.6390883641
809,125562.307182734,13969.3535574436
810,125770.689366557,13290.1920401048
811,123626.195225611,13169.7597113466
812,126970.555893312,13699.9940906324
813,123555.491917595,13546.4816238384
814,124804.783425454,13417.6838214573
815,123750.14842023,13332.3719418527
816,124198.350909274,13276.766955272
817,124343.369198116,13227.9894293974
818,123590.508679099,13409.9421737786
819,122736.796923259,13062.6976340397
820,122127.618550017,13295.7810785995
821,119802.253213068,13180.8644006264
822,120872.975591153,12810.6958044999
823,122150.981895051,13129.1073336652
824,124086.155803704,13302.9602198939
825,122555.196482224,13024.9706049264
826,125318.512962208,13384.7438057914
827,127737.297928353,13812.762712724
828,125963.380280105,13414.5469136042
829,125646.474919811,13817.3403893504
830,123385.832622429,13272.0366487284
831,126640.976378822,13622.6976494704
832,125747.452715116,13995.2953199932
833,125603.650267911,13914.61593651
834,124063.930109864,13636.7438287302
835,122340.137750044,13295.1367797443
836,125703.475870677,13944.7665604705
837,122514.916522105,13030.7608774184
838,123780.765010117,13615.6919496145
839,126558.326864471,14050.1680102052
840,127371.667702632,14482.9011638267
841,125667.544414555,13866.3009584042
842,125327.301159697,13810.4299741419
843,127367.802810149,13993.1783445792
844,123287.763503585,13463.1948564544
845,124759.543912881,13689.5287515822
846,127260.841695295,14229.1735697055
847,125476.546542237,13446.2822013722
848,123132.698385798,13548.1728983174
849,126392.811309703,13619.7877203577
850,126690.885444595,14246.6834468302
851,126676.669009406,13739.466895515
852,128594.024680451,14024.3798155236
853,128253.410783519,13937.0407336215
854,125436.462736308,13799.7566371075
855,126364.840292994,13708.605618111
856,127513.057121288,13786.9635777081
857,123748.839685274,13278.3595694284
858,124240.026488302,13102.8637466929
859,124804.980699781,13568.181385432
860,123961.104960058,13459.3976821976
861,122445.586400844,13211.5079195442
862,122925.471452843,13634.1552492661
863,125183.743246677,13831.5520878974
864,122886.906711167,13176.6814111936
865,134791.476324317,14715.8511559765
866,123732.288160426,13413.7586780463
867,126487.394562365,13918.089620909
868,126411.645453194,13485.4728960676
869,125314.2499466,13881.200529682
870,128414.375213791,14188.3577316418
871,127413.290735445,13741.8780492845
872,127342.826679407,13777.4907140162
873,127456.588609989,13859.815142433
874,129875.562682859,13812.4380759124
875,127053.783924412,14132.5953268257
876,126306.182458782,13552.1196329072
877,125788.958178268,13586.0079276213
878,125578.121900806,13915.1840651266
879,125367.772179463,13373.2546859715
880,126084.696253746,13623.7072773002
881,127432.403403582,13564.0468451691
882,128976.721149231,13681.5164552131
883,121636.222125501,13156.4199297371
884,124080.210861169,13507.7288900098
885,123641.117587746,13632.7041038482
886,125000.140191868,13632.9825936888
887,130960.50872842,14488.3676351325
888,122964.117918497,13185.0508779244
889,128028.707499832,14189.8884284984
890,124168.148314523,13560.4208539157
891,122311.942074461,13316.9208523492
892,120530.979671115,13274.3532369801
893,123155.874333651,13152.7454528437
894,123212.574964033,13494.4049830516
895,121462.352837506,13283.8075472899
896,120851.367379484,12821.8800145855
897,120364.637382026,13128.5431843248
898,119120.094529814,12916.8338635387
899,117506.187434737,12897.474828202
900,117684.579298771,12159.9944028453
901,119419.725951661,12730.0342296829
902,123396.612454497,13342.7271038328
903,121069.641917899,12829.3009356278
904,120509.984643524,13278.3493063244
905,119369.373832419,12481.8448361789
906,121742.616897982,13205.9573251961
907,124976.464549663,13581.552821905
908,127084.524278212,13641.4061713533
909,121832.125715133,13287.491314472
910,123857.323981324,13339.6066166698
911,122457.957608878,13141.4106792642
912,126097.19672116,13518.83550645
913,127028.576955545,13666.992317947
914,123667.970334821,13060.9694054319
915,122319.293865768,13143.1577428
916,122389.637300319,12744.6721959162
917,124509.410929244,13240.2882270777
918,117561.120984606,12761.414858172
919,121876.228487652,13206.3159561811
920,122843.35150684,13632.5629817558
921,122667.340618983,13379.8428703349
922,120595.565810747,12833.3417155112
923,117638.44319996,12901.5376955998
924,118561.84325572,12579.950627961
925,121181.814278762,13175.0199442712
926,124226.734073325,13684.6049816446
927,119914.20895584,12725.6192803859
928,117410.640851675,12700.7458914766
929,118053.837296533,12614.9650099588
930,117511.518837006,12687.2637970825
931,119352.085287381,12969.2192742486
932,120953.463964678,13147.4872951128
933,117927.925841593,12706.5736272668
934,119840.702003663,13002.233920901
935,119931.108849364,13177.1737574215
936,120680.031575935,12913.3036224317
937,118695.21420914,12837.553798946
938,119124.039078756,12861.1282104543
939,123287.142314122,13075.4591211372
940,121133.682926385,13015.7557262291
941,121611.625182073,13140.1491253558
942,123111.252754469,13327.6280035882
943,120795.530894154,13189.7309180243
944,120732.765637372,12979.3750506473
945,119359.154928829,12922.6466953168
946,133991.811729372,14765.5364612468
947,122951.877992103,13435.2449378295
948,123830.08468104,13654.357587168
949,122322.741361737,13522.4549915488
950,124091.127283833,13798.1244664384
951,127508.345000244,13965.4316243201
952,127466.237388011,13497.031009273
953,129533.080532874,14067.6795713688
954,124027.561645411,13626.6284140364
955,129309.10972063,13785.6290535026
956,134498.163865179,14675.3491128171
957,125876.916228542,13358.2771895569
958,126996.116710349,13681.0670065426
959,123459.094707704,13547.804465568
960,127228.973376009,13861.0436304357
961,124982.317027458,13651.1050339654
962,128074.396428147,13874.633649522
963,126289.666983429,13591.2199961291
964,126158.488938537,13881.9219122195
965,123641.920470097,13448.2366207952
966,125856.649044088,13924.8117863012
967,125036.177230285,13527.1801775774
968,133961.048124043,14388.7962312171
969,128301.749208335,13787.1832678048
970,128104.997731446,14026.2828367574
971,125377.748428302,13857.8672304426
972,128735.995976114,14004.0890723785
973,126384.765123986,14161.1752428255
974,128077.92261358,14483.7566293709
975,128150.334817264,14264.4427109608
976,127025.153781982,14085.2192755452
977,125724.635790877,13799.2649132802
978,121506.269461715,13262.5624927852
979,124346.019538964,13531.5887574105
980,125526.066966648,13453.3246242537
981,127812.755145215,14014.1342975336
982,124220.641775482,13985.7652615535
983,128115.579451865,13883.0616250828
984,129200.804778641,14295.7919305428
985,127495.925410648,13983.4984299998
986,129330.171737567,14396.8268376352
987,127795.446003979,13798.1559131993
988,127764.530883786,14125.8915249179
989,123722.88211262,13489.5997097168
990,126588.069149457,13355.44818991
991,126504.578533745,13787.1616992624
992,125869.889347336,13406.8822527408
993,126978.880092327,13753.2923292075
994,128021.484412349,14247.7834477699
995,127479.458070329,13915.9409027061
996,125500.645618347,13700.5465985437
997,127021.892916113,13754.8021113568
998,128414.459551568,14099.3114140109
999,123580.082195827,13614.544801797
1000,123988.045710658,13570.0886774815
