family,n_species,n_EDGE,median_EDGE2,n_vgp_genome,n_EDGE_with_genome,pct_EDGE
Scincidae,1576,144,0.46620811885925,1,0.0,9.137055837563452
Gekkonidae,1027,136,0.805614827286612,0,0.0,13.242453748782863
Anolidae,395,81,0.801598532602449,1,0.0,20.50632911392405
Chamaeleonidae,200,61,1.0068385838595102,3,0.0,30.5
Sphaerodactylidae,209,53,1.08362526095219,1,0.0,25.358851674641148
Agamidae,446,37,0.46381170852881903,0,0.0,8.295964125560538
Diplodactylidae,129,32,0.826574811390662,0,0.0,24.8062015503876
Lacertidae,322,21,0.610396191376961,15,1.0,6.521739130434782
Amphisbaenidae,171,20,0.44651849316574,0,0.0,11.695906432748538
Uropeltidae,54,19,1.241366066593925,0,0.0,35.18518518518518
Viperidae,329,17,0.433900958326118,4,0.0,5.167173252279635
Pseudoxyrhophiidae,91,17,0.886485815812348,0,0.0,18.681318681318682
Diploglossidae,51,16,1.02055209606815,0,0.0,31.372549019607842
Tropiduridae,154,16,0.49755319172497453,0,0.0,10.38961038961039
Tropidophiidae,32,16,2.164671623201655,0,0.0,50.0
Anguidae,72,16,0.8018118053486295,1,0.0,22.22222222222222
Eublepharidae,33,14,1.91635191362279,1,0.0,42.42424242424242
Teiidae,146,13,0.3951039028015255,1,0.0,8.904109589041095
Phyllodactylidae,129,13,0.641985032887959,0,0.0,10.077519379844961
Gymnophthalmidae,225,11,0.563120326242927,0,0.0,4.888888888888889
Natricidae,223,10,0.314076639871738,2,0.0,4.484304932735426
Typhlopidae,261,10,0.526219875930468,1,0.0,3.8314176245210727
Iguanidae,42,9,0.6383793529529176,1,1.0,21.428571428571427
Leptotyphlopidae,118,7,0.431976705100138,0,0.0,5.932203389830509
Colubridae,722,7,0.214145918837284,0,0.0,0.9695290858725761
Leiosauridae,30,6,0.5793953637108684,0,0.0,20.0
Dipsadidae,748,6,0.174251798374559,1,0.0,0.8021390374331551
Elapidae,353,6,0.224145026969725,0,0.0,1.6997167138810199
Carphodactylidae,30,5,0.620097173272241,0,0.0,16.666666666666668
Gerrhosauridae,37,5,0.64415048039443,0,0.0,13.513513513513514
Dibamidae,23,4,4.59170095018399,1,0.0,17.391304347826086
Unassigned,35,4,0.629210538746703,0,0.0,11.428571428571429
Cordylidae,66,3,0.554760867949414,0,0.0,4.545454545454546
Pythonidae,40,3,0.2884421445082535,1,0.0,7.5
Phrynosomatidae,148,3,0.4400200502587035,0,0.0,2.027027027027027
Xenosauridae,10,3,5.5896679268027345,0,0.0,30.0
Varanidae,77,3,0.297605380394179,0,0.0,3.896103896103896
Prosymnidae,16,2,0.3576057172837275,0,0.0,12.5
Alopoglossidae,18,2,0.7259180560537419,0,0.0,11.11111111111111
Hoplocercidae,13,2,0.377168344684576,0,0.0,15.384615384615385
Gerrhopilidae,18,2,3.553061348942035,0,0.0,11.11111111111111
Xantusiidae,34,2,0.866448329426635,0,0.0,5.882352941176471
Ungaliophiidae,3,2,5.97851065677032,0,0.0,66.66666666666667
Boidae,29,2,0.219530362987742,0,0.0,6.896551724137931
Cylindrophiidae,10,2,2.21094905243026,0,0.0,20.0
Polychrotidae,7,1,0.797319984593626,0,0.0,14.285714285714286
Xenodermidae,14,1,0.5889847281184075,0,0.0,7.142857142857143
Pygopodidae,44,1,0.3555416806381435,0,0.0,2.272727272727273
Shinisauridae,1,1,52.6544978873094,1,1.0,100.0
Xenotyphlopidae,1,1,61.8047235567104,0,0.0,100.0
Charinaidae,4,1,0.48931575731853993,0,0.0,25.0
Liolaemidae,288,1,0.09874412056437126,0,0.0,0.3472222222222222
Lanthanotidae,1,1,31.7206684986983,0,0.0,100.0
Crotaphytidae,12,1,0.2887803922866755,0,0.0,8.333333333333334
Homalopsidae,52,1,0.8368728566591155,0,0.0,1.9230769230769231
Anniellidae,6,1,0.8239395677583166,1,0.0,16.666666666666668
Bolyeridae,2,1,25.643136496885152,0,0.0,50.0
Blanidae,7,0,0.586986183483374,0,0.0,0.0
Trogonophidae,6,0,1.89351752286208,0,0.0,0.0
Calamariidae,88,0,0.31595863945073,0,0.0,0.0
Calabariidae,1,0,2.60657389037208,0,0.0,0.0
Cadeidae,2,0,1.82932436260091,0,0.0,0.0
Loxocemidae,1,0,1.96195458967258,0,0.0,0.0
Bipedidae,3,0,1.73326077504214,0,0.0,0.0
Atractaspididae,64,0,0.20597885276581251,0,0.0,0.0
Candoiidae,5,0,0.433148172979214,1,0.0,0.0
Anomalepididae,18,0,2.5029622110785903,0,0.0,0.0
Xenopeltidae,2,0,1.38996511394899,0,0.0,0.0
Xenophidiidae,2,0,7.802218088987015,0,0.0,0.0
Aniliidae,1,0,3.57516499283936,0,0.0,0.0
Anomochilidae,3,0,1.04449383650963,0,0.0,0.0
Sibynophiidae,12,0,0.47847659795492403,0,0.0,0.0
Sphenodontidae,1,0,12.1298921500628,0,0.0,0.0
Micrelapidae,6,0,0.8927047453467025,0,0.0,0.0
Corytophanidae,9,0,0.452873070881457,0,0.0,0.0
Sanziniidae,4,0,0.6389132792531484,0,0.0,0.0
Rhineuridae,1,0,6.60838867613176,1,0.0,0.0
Cyclocoridae,7,0,0.373137197192662,0,0.0,0.0
Erycidae,12,0,0.6233342706613281,0,0.0,0.0
Grayiidae,4,0,0.5038237954713916,0,0.0,0.0
Pseudoxenodontidae,11,0,0.523832933612198,0,0.0,0.0
Pseudaspididae,4,0,0.931097361140095,0,0.0,0.0
Psammophiidae,51,0,0.237426401460353,0,0.0,0.0
Helodermatidae,2,0,1.99619435115779,0,0.0,0.0
Lamprophiidae,71,0,0.261298588122977,0,0.0,0.0
Pareidae,20,0,1.09149049758826,0,0.0,0.0
Opluridae,7,0,0.765395209998003,0,0.0,0.0
Acrochordidae,3,0,1.29850126508974,0,0.0,0.0
